,index,Unnamed: 0,vendor_id,pickup_datetime,dropoff_datetime,passenger_count,trip_distance,ratecode_id,store_and_fwd_flag,pu_loc_id,do_loc_id,payment_type,fare_amount,extra,mta_tax,tip_amount,tolls_amount,improvement_surcharge,total_amount,month,day,trip_duration,duration_minutes,pickup_dropoff,mean_distance,mean_duration,rush_hour
472,21536,36373980,2,2017-04-29 20:27:31,2017-04-29 21:13:14,2,18.72,2,N,132,144,1,52.0,0.0,0.5,10.56,0.0,0.3,63.36,April,Saturday,0 days 00:45:43,45.71666666666667,132 144,18.537499999999998,37.0,0
473,21636,68869118,1,2017-08-14 22:25:05,2017-08-14 22:59:22,1,17.5,2,N,132,141,1,52.0,0.0,0.5,10.0,0.0,0.3,62.8,August,Monday,0 days 00:34:17,34.28333333333333,132 141,19.14,50.39722222222222,0
474,21656,25450327,2,2017-03-28 16:58:01,2017-03-28 17:40:58,1,18.12,2,N,132,229,1,52.0,4.5,0.5,12.61,5.76,0.3,75.67,March,Tuesday,0 days 00:42:57,42.95,132 229,18.49,47.61388888888889,1
475,21820,17842351,1,2017-03-03 22:44:47,2017-03-03 23:21:27,1,17.5,2,N,132,43,1,52.0,0.0,0.5,8.0,0.0,0.3,60.8,March,Friday,0 days 00:36:40,36.666666666666664,132 43,18.744999999999997,41.916666666666664,0
476,21916,20421907,2,2017-03-26 20:37:35,2017-03-26 21:10:32,1,19.04,2,N,132,263,1,52.0,0.0,0.5,7.0,5.76,0.3,65.56,March,Sunday,0 days 00:32:57,32.95,132 263,19.21,39.97666666666667,0
477,21926,74669162,2,2017-09-06 07:45:14,2017-09-06 08:59:07,1,19.37,2,N,132,262,1,52.0,0.0,0.5,11.71,5.76,0.3,70.27,September,Wednesday,0 days 01:13:53,73.88333333333334,132 262,19.165,49.93125,1
478,21950,110594178,1,2017-12-30 15:37:22,2017-12-30 16:20:11,2,19.3,2,N,166,132,1,52.0,0.0,0.5,11.7,5.76,0.3,70.26,December,Saturday,0 days 00:42:49,42.81666666666667,166 132,19.026666666666667,41.611111111111114,0
479,21993,56224743,2,2017-06-10 20:37:06,2017-06-10 21:14:04,1,16.75,2,N,186,132,1,52.0,0.0,0.5,11.71,5.76,0.3,70.27,June,Saturday,0 days 00:36:58,36.96666666666667,186 132,17.096,42.92,0
464,21344,106191314,1,2017-12-15 05:57:20,2017-12-15 06:30:21,1,18.4,2,N,249,132,1,52.0,0.0,0.5,13.2,0.0,0.3,66.0,December,Friday,0 days 00:33:01,33.016666666666666,249 132,18.4,33.016666666666666,0
465,21359,89461779,2,2017-10-23 16:59:58,2017-10-23 18:30:40,1,18.42,2,N,50,132,1,52.0,4.5,0.5,12.61,5.76,0.3,75.67,October,Monday,0 days 01:30:42,88.74999999999999,50 132,18.42,88.74999999999999,1
466,21395,112420754,2,2017-01-09 11:22:43,2017-01-09 12:05:41,2,17.36,2,N,144,132,1,52.0,0.0,0.5,7.0,0.0,0.3,59.8,January,Monday,0 days 00:42:58,42.96666666666667,144 132,18.335,38.3,0
467,21421,51073126,2,2017-06-16 17:48:13,2017-06-16 18:33:24,2,18.37,2,N,132,249,1,52.0,4.5,0.5,12.61,5.76,0.3,75.67,June,Friday,0 days 00:45:11,45.18333333333333,132 249,18.7325,48.11666666666667,1
468,21453,21885897,1,2017-03-17 00:00:17,2017-03-17 00:29:15,1,19.0,2,N,132,262,1,52.0,0.0,0.5,6.0,5.54,0.3,64.34,March,Friday,0 days 00:28:58,28.966666666666665,132 262,19.165,49.93125,0
469,21476,85868132,2,2017-10-12 14:47:49,2017-10-12 15:58:34,1,18.56,2,N,132,48,1,52.0,0.0,0.5,14.64,5.76,0.3,73.2,October,Thursday,0 days 01:10:45,70.75,132 48,18.761904761904763,58.24444444444444,0
470,21494,57229790,2,2017-07-04 21:47:23,2017-07-04 22:24:15,1,20.46,2,N,132,140,1,52.0,0.0,0.5,11.71,5.76,0.3,70.27,July,Tuesday,0 days 00:36:52,36.86666666666667,132 140,19.293333333333333,36.791666666666664,0
471,21513,64447889,2,2017-07-29 20:13:56,2017-07-29 21:02:06,1,24.42,2,N,132,158,1,52.0,0.0,0.5,11.71,5.76,0.3,70.27,July,Saturday,0 days 00:48:10,48.166666666666664,132 158,22.7,49.7375,0
456,21148,105335491,1,2017-12-12 18:21:38,2017-12-12 19:14:16,1,13.6,2,N,170,132,1,52.0,4.5,0.5,12.6,5.76,0.3,75.66,December,Tuesday,0 days 00:52:38,52.63333333333333,170 132,16.095,43.40625,1
457,21192,56639958,1,2017-07-01 20:11:42,2017-07-01 21:01:24,5,17.8,2,N,132,107,1,52.0,0.0,0.5,11.7,5.76,0.3,70.26,July,Saturday,0 days 00:49:42,49.7,132 107,17.561666666666667,50.455555555555556,0
458,21258,101614935,1,2017-12-01 15:24:13,2017-12-01 16:37:08,1,16.9,2,N,229,132,1,52.0,0.0,0.5,10.55,0.0,0.3,63.35,December,Friday,0 days 01:12:55,72.91666666666667,229 132,16.683333333333334,46.040740740740745,0
459,21280,99867307,1,2017-11-25 18:14:34,2017-11-25 18:59:12,1,20.3,2,N,132,141,1,52.0,0.0,0.5,11.7,5.76,0.3,70.26,November,Saturday,0 days 00:44:38,44.63333333333333,132 141,19.14,50.39722222222222,0
460,21289,93411513,2,2017-11-04 18:54:35,2017-11-04 19:46:09,5,19.67,2,N,132,151,1,52.0,0.0,0.5,11.71,5.76,0.3,70.27,November,Saturday,0 days 00:51:34,51.56666666666667,132 151,19.834,48.53333333333334,0
461,21315,18103885,1,2017-03-04 15:31:50,2017-03-04 15:31:54,1,0.9,2,N,132,132,1,52.0,0.0,0.5,10.55,0.0,0.3,63.35,March,Saturday,0 days 00:00:04,0.06666666666666667,132 132,3.848235294117647,4.954901960784314,0
462,21322,109345316,1,2017-12-25 14:01:07,2017-12-25 14:30:27,2,16.5,2,N,164,132,1,52.0,0.0,0.5,8.0,5.76,0.3,66.56,December,Monday,0 days 00:29:20,29.333333333333332,164 132,16.44333333333333,39.916666666666664,0
463,21327,19261825,2,2017-03-07 19:20:38,2017-03-07 19:53:40,3,18.07,2,N,132,161,1,52.0,4.5,0.5,12.57,5.54,0.3,75.41,March,Tuesday,0 days 00:33:02,33.03333333333333,132 161,18.601666666666667,46.481944444444444,1
448,20681,86265499,1,2017-10-13 17:46:42,2017-10-13 18:56:20,1,19.6,2,N,132,263,1,52.0,4.5,0.5,5.5,5.76,0.3,68.56,October,Friday,0 days 01:09:38,69.63333333333334,132 263,19.21,39.97666666666667,1
449,20707,47734700,2,2017-06-02 22:21:39,2017-06-02 23:17:23,1,19.02,2,N,132,79,1,52.0,0.0,0.5,10.56,0.0,0.3,63.36,June,Friday,0 days 00:55:44,55.733333333333334,132 79,19.43166666666667,47.275,0
450,20738,90395542,1,2017-10-26 16:57:16,2017-10-26 17:54:57,1,17.1,2,N,132,107,2,52.0,4.5,0.5,0.0,5.76,0.3,63.06,October,Thursday,0 days 00:57:41,57.68333333333333,132 107,17.561666666666667,50.455555555555556,1
451,20788,41742586,1,2017-05-10 13:24:08,2017-05-10 14:33:50,2,18.6,2,N,132,230,4,52.0,0.0,0.5,0.0,11.52,0.3,64.32,May,Wednesday,0 days 01:09:42,69.7,132 230,18.5712,59.59533333333333,0
452,20818,88096273,1,2017-10-19 12:22:56,2017-10-19 13:24:35,2,16.6,2,N,132,48,1,52.0,0.0,0.5,0.0,5.76,0.3,58.56,October,Thursday,0 days 01:01:39,61.65,132 48,18.761904761904763,58.24444444444444,0
453,20841,68378493,2,2017-08-12 20:14:11,2017-08-12 21:00:46,2,20.32,2,N,132,87,2,52.0,0.0,0.5,0.0,0.0,0.3,52.8,August,Saturday,0 days 00:46:35,46.583333333333336,132 87,19.96,50.68611111111111,0
454,20941,14871013,2,2017-02-24 17:28:07,2017-02-24 18:30:58,1,18.62,2,N,132,48,2,52.0,4.5,0.5,0.0,5.54,0.3,62.84,February,Friday,0 days 01:02:51,62.85,132 48,18.761904761904763,58.24444444444444,1
455,20988,15147563,1,2017-02-25 12:27:23,2017-02-25 13:00:29,3,17.8,2,N,107,132,1,52.0,0.0,0.5,10.0,5.54,0.3,68.34,February,Saturday,0 days 00:33:06,33.1,107 132,16.755,50.75416666666666,0
24,984,71264442,1,2017-08-23 18:23:26,2017-08-23 19:18:29,1,16.7,2,N,132,230,1,52.0,4.5,0.5,42.29,0.0,0.3,99.59,August,Wednesday,0 days 00:55:03,55.05,132 230,18.5712,59.59533333333333,1
25,1082,11006300,2,2017-02-07 17:20:19,2017-02-07 17:34:41,1,1.09,2,N,170,48,2,52.0,4.5,0.5,0.0,5.54,0.3,62.84,February,Tuesday,0 days 00:14:22,14.366666666666667,170 48,1.2657894736842106,14.1359649122807,1
26,1097,68882036,2,2017-08-14 23:01:15,2017-08-14 23:03:35,5,2.12,2,N,265,265,2,52.0,0.0,0.5,0.0,0.0,0.3,52.8,August,Monday,0 days 00:02:20,2.3333333333333335,265 265,1.6316666666666666,7.033333333333334,0
27,1110,74720333,1,2017-09-06 10:46:17,2017-09-06 11:44:41,1,19.1,2,N,239,132,1,52.0,0.0,0.5,15.8,0.0,0.3,68.6,September,Wednesday,0 days 00:58:24,58.4,239 132,19.795,50.5625,0
28,1179,51937907,2,2017-06-19 06:23:13,2017-06-19 07:03:53,6,19.77,2,N,238,132,1,52.0,0.0,0.5,17.57,5.76,0.3,76.13,June,Monday,0 days 00:40:40,40.666666666666664,238 132,19.47,53.86111111111111,1
29,1232,112806811,2,2017-01-06 10:58:06,2017-01-06 11:37:45,5,17.58,2,N,100,132,2,52.0,0.0,0.5,0.0,5.54,0.3,58.34,January,Friday,0 days 00:39:39,39.65,100 132,17.2175,35.22083333333333,0
30,1252,106367855,2,2017-12-15 16:45:45,2017-12-15 18:27:45,5,18.42,2,N,233,132,1,52.0,4.5,0.5,20.0,5.76,0.3,83.06,December,Friday,0 days 01:42:00,88.74999999999999,233 132,17.40888888888889,58.47962962962962,1
31,1361,46125784,1,2017-05-29 21:39:46,2017-05-29 22:10:59,1,18.7,2,N,132,90,1,52.0,0.0,0.5,7.5,5.76,0.3,66.06,May,Monday,0 days 00:31:13,31.216666666666665,132 90,18.666666666666668,43.62222222222223,0
16,816,13731926,2,2017-02-21 06:11:03,2017-02-21 06:59:39,5,16.94,2,N,132,170,1,52.0,0.0,0.5,2.0,5.54,0.3,60.34,February,Tuesday,0 days 00:48:36,48.6,132 170,17.203,37.11333333333333,1
17,818,52277743,2,2017-06-20 08:15:18,2017-06-20 10:24:37,1,17.77,2,N,132,246,1,52.0,0.0,0.5,11.71,5.76,0.3,70.27,June,Tuesday,0 days 02:09:19,88.74999999999999,132 246,18.515,66.3,1
18,835,2684305,2,2017-01-10 22:29:47,2017-01-10 23:06:46,1,18.57,2,N,132,48,1,52.0,0.0,0.5,13.2,0.0,0.3,66.0,January,Tuesday,0 days 00:36:59,36.983333333333334,132 48,18.761904761904763,58.24444444444444,0
19,840,90860814,2,2017-10-27 21:50:00,2017-10-27 22:35:04,1,22.43,2,N,132,163,2,52.0,0.0,0.5,0.0,5.76,0.3,58.56,October,Friday,0 days 00:45:04,45.06666666666667,132 163,19.229,52.94166666666666,0
20,861,106575186,1,2017-12-16 06:39:59,2017-12-16 07:07:59,2,17.8,2,N,75,132,1,52.0,0.0,0.5,6.0,5.76,0.3,64.56,December,Saturday,0 days 00:28:00,28.0,75 132,18.4425,36.204166666666666,0
21,881,110495611,2,2017-12-30 05:25:29,2017-12-30 06:01:29,6,18.23,2,N,68,132,2,52.0,0.0,0.5,0.0,0.0,0.3,52.8,December,Saturday,0 days 00:36:00,36.0,68 132,18.785,58.03333333333333,0
22,958,87017503,1,2017-10-15 22:39:12,2017-10-15 23:14:22,1,21.8,2,N,132,261,2,52.0,0.0,0.5,0.0,0.0,0.3,52.8,October,Sunday,0 days 00:35:10,35.166666666666664,132 261,22.115000000000002,51.49375,0
23,970,12762608,2,2017-02-17 20:39:42,2017-02-17 21:13:29,1,19.57,2,N,132,140,1,52.0,0.0,0.5,11.67,5.54,0.3,70.01,February,Friday,0 days 00:33:47,33.78333333333333,132 140,19.293333333333333,36.791666666666664,0
8,468,80904240,2,2017-09-26 13:48:26,2017-09-26 14:31:17,1,17.27,2,N,186,132,2,52.0,0.0,0.5,0.0,5.76,0.3,58.56,September,Tuesday,0 days 00:42:51,42.85,186 132,17.096,42.92,0
9,520,33706214,2,2017-04-23 21:34:48,2017-04-23 22:46:23,6,18.34,2,N,132,148,1,52.0,0.0,0.5,5.0,0.0,0.3,57.8,April,Sunday,0 days 01:11:35,71.58333333333333,132 148,17.994285714285716,46.34047619047619,0
10,569,99259872,2,2017-11-22 21:31:32,2017-11-22 22:00:25,1,18.65,2,N,132,144,1,52.0,0.0,0.5,10.56,0.0,0.3,63.36,November,Wednesday,0 days 00:28:53,28.883333333333333,132 144,18.537499999999998,37.0,0
11,586,54444647,2,2017-06-26 13:39:12,2017-06-26 14:34:54,1,17.76,2,N,211,132,1,52.0,0.0,0.5,11.71,5.76,0.3,70.27,June,Monday,0 days 00:55:42,55.7,211 132,16.580000000000002,61.69166666666667,0
12,692,94424289,2,2017-11-07 22:15:00,2017-11-07 22:45:32,2,16.97,2,N,132,170,1,52.0,0.0,0.5,11.71,5.76,0.3,70.27,November,Tuesday,0 days 00:30:32,30.533333333333335,132 170,17.203,37.11333333333333,0
13,717,103094220,1,2017-12-06 05:19:50,2017-12-06 05:53:52,1,20.8,2,N,132,239,1,52.0,0.0,0.5,5.85,5.76,0.3,64.41,December,Wednesday,0 days 00:34:02,34.03333333333333,132 239,20.90125,44.8625,0
14,719,66115834,1,2017-08-04 17:53:34,2017-08-04 18:50:56,1,21.6,2,N,264,264,1,52.0,4.5,0.5,12.6,5.76,0.3,75.66,August,Friday,0 days 00:57:22,57.36666666666667,264 264,3.1791512915129148,15.577552275522754,1
15,782,55934137,2,2017-06-09 09:31:25,2017-06-09 10:24:10,2,18.81,2,N,163,132,1,52.0,0.0,0.5,13.2,0.0,0.3,66.0,June,Friday,0 days 00:52:45,52.75,163 132,17.275833333333335,52.33611111111111,1
480,22020,106328350,2,2017-12-15 14:23:57,2017-12-15 15:35:38,3,15.7,2,N,79,132,1,52.0,0.0,0.5,11.71,5.76,0.3,70.27,December,Friday,0 days 01:11:41,71.68333333333334,79 132,16.9675,47.020833333333336,0
1,110,47959795,1,2017-06-03 14:24:57,2017-06-03 15:31:48,1,18.0,2,N,132,163,1,52.0,0.0,0.5,0.0,0.0,0.3,52.8,June,Saturday,0 days 01:06:51,66.85,132 163,19.229,52.94166666666666,0
2,161,95729204,2,2017-11-11 20:16:16,2017-11-11 20:17:14,1,0.23,2,N,132,132,2,52.0,0.0,0.5,0.0,0.0,0.3,52.8,November,Saturday,0 days 00:00:58,0.9666666666666667,132 132,3.848235294117647,4.954901960784314,0
3,247,103404868,2,2017-12-06 23:37:08,2017-12-07 00:06:19,1,18.93,2,N,132,79,2,52.0,0.0,0.5,0.0,0.0,0.3,52.8,December,Wednesday,0 days 00:29:11,29.183333333333334,132 79,19.43166666666667,47.275,0
4,379,80479432,2,2017-09-24 23:45:45,2017-09-25 00:15:14,1,17.99,2,N,132,234,1,52.0,0.0,0.5,14.64,5.76,0.3,73.2,September,Sunday,0 days 00:29:29,29.483333333333334,132 234,17.654,49.833333333333336,0
5,388,16226157,1,2017-02-28 18:30:05,2017-02-28 19:09:55,1,18.4,2,N,132,48,2,52.0,4.5,0.5,0.0,5.54,0.3,62.84,February,Tuesday,0 days 00:39:50,39.833333333333336,132 48,18.761904761904763,58.24444444444444,1
6,406,55253442,2,2017-06-05 12:51:58,2017-06-05 13:07:35,1,4.73,2,N,228,88,2,52.0,0.0,0.5,0.0,5.76,0.3,58.56,June,Monday,0 days 00:15:37,15.616666666666667,228 88,4.73,15.616666666666667,0
7,449,65900029,2,2017-08-03 22:47:14,2017-08-03 23:32:41,2,18.21,2,N,132,48,2,52.0,0.0,0.5,0.0,5.76,0.3,58.56,August,Thursday,0 days 00:45:27,45.45,132 48,18.761904761904763,58.24444444444444,0
88,3748,62943780,2,2017-07-24 19:04:42,2017-07-24 19:48:23,1,20.6,2,N,132,151,1,52.0,4.5,0.5,9.0,5.76,0.3,72.06,July,Monday,0 days 00:43:41,43.68333333333333,132 151,19.834,48.53333333333334,1
89,3792,7369217,2,2017-02-01 17:43:26,2017-02-01 18:34:39,1,18.9,2,N,75,132,2,52.0,4.5,0.5,0.0,0.0,0.3,57.3,February,Wednesday,0 days 00:51:13,51.21666666666667,75 132,18.4425,36.204166666666666,1
90,3830,50656823,2,2017-06-15 14:37:19,2017-06-15 15:36:13,1,17.81,2,N,132,164,1,52.0,0.0,0.5,11.71,5.76,0.3,70.27,June,Thursday,0 days 00:58:54,58.9,132 164,18.7575,59.56041666666667,0
91,3838,45311434,1,2017-05-26 16:35:08,2017-05-26 17:44:17,2,17.1,2,N,132,186,1,52.0,4.5,0.5,12.6,5.76,0.3,75.66,May,Friday,0 days 01:09:09,69.15,132 186,18.375,56.43611111111111,1
92,3920,92675198,2,2017-11-02 16:13:55,2017-11-02 17:37:07,1,17.65,2,N,48,132,1,52.0,4.5,0.5,8.1,0.0,0.3,65.4,November,Thursday,0 days 01:23:12,83.2,48 132,17.69,46.705555555555556,1
93,4085,80699817,1,2017-09-25 19:02:14,2017-09-25 19:55:38,1,18.7,2,N,132,48,1,52.0,4.5,0.5,11.45,0.0,0.3,68.75,September,Monday,0 days 00:53:24,53.4,132 48,18.761904761904763,58.24444444444444,1
94,4121,70092339,2,2017-08-19 09:10:20,2017-08-19 09:48:05,1,18.69,2,N,48,132,1,52.0,0.0,0.5,14.64,5.76,0.3,73.2,August,Saturday,0 days 00:37:45,37.75,48 132,17.69,46.705555555555556,0
95,4128,18611709,2,2017-03-11 17:08:27,2017-03-11 18:01:42,1,20.69,2,N,132,141,2,52.0,0.0,0.5,0.0,5.54,0.3,58.34,March,Saturday,0 days 00:53:15,53.25,132 141,19.14,50.39722222222222,0
80,3559,47187923,1,2017-06-01 14:55:43,2017-06-01 16:23:36,1,19.3,2,N,238,132,1,52.0,0.0,0.5,11.7,5.76,0.3,70.26,June,Thursday,0 days 01:27:53,87.88333333333334,238 132,19.47,53.86111111111111,0
81,3571,183837,2,2017-01-08 13:11:11,2017-01-08 13:43:52,1,17.28,2,N,100,132,2,52.0,0.0,0.5,0.0,5.54,0.3,58.34,January,Sunday,0 days 00:32:41,32.68333333333333,100 132,17.2175,35.22083333333333,0
82,3583,45529082,1,2017-05-27 12:12:12,2017-05-27 13:35:41,4,17.4,2,N,264,264,2,52.0,0.0,0.5,0.0,0.0,0.3,52.8,May,Saturday,0 days 01:23:29,83.48333333333333,264 264,3.1791512915129148,15.577552275522754,0
83,3593,64914880,1,2017-07-31 17:47:33,2017-07-31 18:47:22,1,18.4,2,N,132,230,2,52.0,4.5,0.5,0.0,5.76,0.3,63.06,July,Monday,0 days 00:59:49,59.81666666666667,132 230,18.5712,59.59533333333333,1
84,3609,98165974,2,2017-11-19 07:17:16,2017-11-19 07:17:19,1,0.01,2,N,264,239,2,52.0,0.0,0.5,0.0,0.0,0.3,52.8,November,Sunday,0 days 00:00:03,0.05,264 239,1.2525,9.204166666666666,0
85,3659,16336525,1,2017-03-10 14:33:35,2017-03-10 15:50:40,1,19.1,2,N,132,230,2,52.0,0.0,0.5,0.0,5.54,0.3,58.34,March,Friday,0 days 01:17:05,77.08333333333333,132 230,18.5712,59.59533333333333,0
86,3684,82021457,2,2017-09-29 21:24:47,2017-09-29 22:11:55,1,18.38,2,N,158,132,1,52.0,0.0,0.5,12.26,8.5,0.3,73.56,September,Friday,0 days 00:47:08,47.13333333333333,158 132,18.38,47.13333333333333,0
87,3721,44224444,2,2017-05-23 11:50:23,2017-05-23 12:33:21,5,19.18,2,N,166,132,1,52.0,0.0,0.5,11.71,5.76,0.3,70.27,May,Tuesday,0 days 00:42:58,42.96666666666667,166 132,19.026666666666667,41.611111111111114,0
72,3112,87758763,1,2017-10-18 11:59:22,2017-10-18 12:48:32,1,25.7,2,N,132,231,2,52.0,0.0,0.5,0.0,5.76,0.3,58.56,October,Wednesday,0 days 00:49:10,49.166666666666664,132 231,20.46,51.75833333333333,0
73,3277,4287182,2,2017-01-23 20:49:08,2017-01-23 21:22:46,1,17.05,2,N,132,158,1,52.0,0.0,0.5,14.58,5.54,0.3,72.92,January,Monday,0 days 00:33:38,33.63333333333333,132 158,22.7,49.7375,0
74,3288,66798269,1,2017-08-07 10:20:05,2017-08-07 10:20:53,1,0.1,2,N,162,163,1,52.0,0.0,0.5,8.0,5.76,0.3,66.56,August,Monday,0 days 00:00:48,0.8,162 163,0.7352941176470589,10.966666666666667,0
75,3304,80341763,2,2017-09-24 13:11:57,2017-09-24 14:05:16,1,17.42,2,N,132,237,1,52.0,0.0,0.5,10.56,0.0,0.3,63.36,September,Sunday,0 days 00:53:19,53.31666666666667,132 237,19.540000000000003,56.47222222222223,0
76,3325,18828344,1,2017-03-06 14:21:20,2017-03-06 15:16:52,1,21.8,2,N,132,161,1,52.0,0.0,0.5,5.0,5.54,0.3,63.34,March,Monday,0 days 00:55:32,55.53333333333333,132 161,18.601666666666667,46.481944444444444,0
77,3341,81022661,2,2017-09-26 20:02:14,2017-09-26 20:45:09,2,21.03,2,N,132,239,2,52.0,0.0,0.5,0.0,5.76,0.3,58.56,September,Tuesday,0 days 00:42:55,42.916666666666664,132 239,20.90125,44.8625,0
78,3402,312631,2,2017-01-08 20:43:00,2017-01-08 21:15:12,5,17.77,2,N,132,140,1,52.0,0.0,0.5,10.56,0.0,0.3,63.36,January,Sunday,0 days 00:32:12,32.2,132 140,19.293333333333333,36.791666666666664,0
79,3426,65142924,2,2017-08-01 13:01:36,2017-08-01 13:48:04,1,18.78,2,N,132,125,2,52.0,0.0,0.5,0.0,0.0,0.3,52.8,August,Tuesday,0 days 00:46:28,46.46666666666667,132 125,18.736666666666668,53.12222222222223,0
64,2857,27272571,1,2017-04-02 20:58:16,2017-04-02 21:40:58,1,18.3,2,N,132,232,1,52.0,0.0,0.5,10.55,0.0,0.3,63.35,April,Sunday,0 days 00:42:42,42.7,132 232,18.3,37.55,0
65,2938,9471166,1,2017-02-10 08:55:02,2017-02-10 09:16:44,1,3.8,2,Y,106,231,1,52.0,0.0,0.5,11.65,5.54,0.3,69.99,February,Friday,0 days 00:21:42,21.7,106 231,3.8,21.7,1
66,2951,50888799,2,2017-06-16 05:58:49,2017-06-16 06:36:16,1,17.73,2,N,132,162,2,52.0,0.0,0.5,0.0,5.76,0.3,58.56,June,Friday,0 days 00:37:27,37.45,132 162,17.082857142857144,43.996428571428574,0
67,2966,60936598,1,2017-07-18 02:18:13,2017-07-18 02:48:05,1,21.3,2,N,132,231,1,52.0,0.0,0.5,10.0,0.0,0.3,62.8,July,Tuesday,0 days 00:29:52,29.866666666666667,132 231,20.46,51.75833333333333,0
68,3023,31307820,1,2017-04-17 14:24:31,2017-04-17 15:29:05,1,16.9,2,N,230,132,1,52.0,0.0,0.5,13.2,0.0,0.3,66.0,April,Monday,0 days 01:04:34,64.56666666666666,230 132,18.14875,56.849999999999994,0
69,3057,25886414,1,2017-03-29 19:54:49,2017-03-29 20:36:05,2,17.2,2,N,132,162,2,52.0,4.5,0.5,0.0,5.76,0.3,63.06,March,Wednesday,0 days 00:41:16,41.266666666666666,132 162,17.082857142857144,43.996428571428574,1
70,3058,73490580,2,2017-09-01 08:43:35,2017-09-01 09:25:21,2,18.85,2,N,132,148,2,52.0,0.0,0.5,0.0,5.76,0.3,58.56,September,Friday,0 days 00:41:46,41.766666666666666,132 148,17.994285714285716,46.34047619047619,1
71,3103,79314289,2,2017-09-21 07:33:48,2017-09-21 08:27:55,1,18.67,2,N,132,249,1,52.0,0.0,0.5,11.71,5.76,0.3,70.27,September,Thursday,0 days 00:54:07,54.11666666666667,132 249,18.7325,48.11666666666667,1
120,5429,104244836,2,2017-12-09 11:56:56,2017-12-09 11:58:13,1,0.02,2,N,186,186,1,52.0,0.0,0.5,11.71,5.76,0.3,70.27,December,Saturday,0 days 00:01:17,1.2833333333333334,186 186,0.7599999999999999,7.662121212121212,0
121,5457,9829922,2,2017-02-11 07:27:35,2017-02-11 07:55:16,1,16.51,2,N,132,137,1,52.0,0.0,0.5,11.67,5.54,0.3,70.01,February,Saturday,0 days 00:27:41,27.683333333333334,132 137,16.720000000000002,29.200000000000003,0
122,5495,348388,2,2017-01-09 00:04:42,2017-01-09 00:38:10,1,20.75,2,N,132,238,1,52.0,0.0,0.5,11.67,5.54,0.3,70.01,January,Monday,0 days 00:33:28,33.46666666666667,132 238,20.8375,43.775,0
123,5526,20159085,1,2017-03-10 04:29:08,2017-03-10 04:54:48,1,15.9,2,N,234,132,1,52.0,0.0,0.5,0.0,5.54,0.3,58.34,March,Friday,0 days 00:25:40,25.666666666666668,234 132,17.419999999999998,48.6,0
124,5566,2022728,2,2017-01-21 16:15:58,2017-01-21 17:17:44,1,21.95,2,N,132,163,2,52.0,0.0,0.5,0.0,5.54,0.3,58.34,January,Saturday,0 days 01:01:46,61.766666666666666,132 163,19.229,52.94166666666666,0
125,5580,44263972,1,2017-05-23 14:18:08,2017-05-23 15:18:09,1,17.3,2,N,132,148,2,52.0,0.0,0.5,0.0,0.0,0.3,52.8,May,Tuesday,0 days 01:00:01,60.016666666666666,132 148,17.994285714285716,46.34047619047619,0
126,5596,65118492,1,2017-08-01 12:54:49,2017-08-01 13:41:45,1,21.4,2,N,132,79,2,52.0,0.0,0.5,0.0,0.0,0.3,52.8,August,Tuesday,0 days 00:46:56,46.93333333333333,132 79,19.43166666666667,47.275,0
127,5718,54827552,2,2017-06-27 14:41:50,2017-06-27 15:55:58,1,22.44,2,N,132,230,2,52.0,0.0,0.5,0.0,5.76,0.3,58.56,June,Tuesday,0 days 01:14:08,74.13333333333334,132 230,18.5712,59.59533333333333,0
112,4981,12362962,1,2017-02-16 19:05:05,2017-02-16 19:58:39,1,16.5,2,N,233,132,1,52.0,4.5,0.5,8.16,5.54,0.3,71.0,February,Thursday,0 days 00:53:34,53.56666666666667,233 132,17.40888888888889,58.47962962962962,1
113,5019,2135211,1,2017-01-21 22:09:19,2017-01-21 22:40:22,1,17.6,2,N,132,230,1,52.0,0.0,0.5,14.55,5.54,0.3,72.89,January,Saturday,0 days 00:31:03,31.05,132 230,18.5712,59.59533333333333,0
114,5091,23188698,2,2017-03-20 13:46:15,2017-03-20 14:43:32,2,18.62,2,N,231,132,2,52.0,0.0,0.5,0.0,5.54,0.3,58.34,March,Monday,0 days 00:57:17,57.28333333333333,231 132,17.02,54.72916666666667,0
115,5139,2541931,1,2017-01-10 13:53:29,2017-01-10 14:43:50,1,17.9,2,N,132,230,2,52.0,0.0,0.5,0.0,5.54,0.3,58.34,January,Tuesday,0 days 00:50:21,50.35,132 230,18.5712,59.59533333333333,0
116,5199,44666982,2,2017-05-24 18:25:12,2017-05-24 19:30:30,1,16.44,2,N,170,132,1,52.0,4.5,0.5,12.57,5.54,0.3,75.41,May,Wednesday,0 days 01:05:18,65.3,170 132,16.095,43.40625,1
117,5200,90105531,1,2017-10-25 18:08:16,2017-10-25 18:08:35,1,0.1,2,N,132,132,1,52.0,4.5,0.5,5.0,5.76,0.3,68.06,October,Wednesday,0 days 00:00:19,0.31666666666666665,132 132,3.848235294117647,4.954901960784314,1
118,5323,50667463,1,2017-06-15 15:12:43,2017-06-15 16:25:51,1,18.8,2,N,132,87,1,52.0,0.0,0.5,11.7,5.76,0.3,70.26,June,Thursday,0 days 01:13:08,73.13333333333334,132 87,19.96,50.68611111111111,0
119,5360,90387122,1,2017-10-26 15:07:36,2017-10-26 16:18:57,2,18.3,2,N,132,161,1,52.0,0.0,0.5,5.0,5.76,0.3,63.56,October,Thursday,0 days 01:11:21,71.35,132 161,18.601666666666667,46.481944444444444,0
104,4481,24079465,2,2017-03-23 05:50:18,2017-03-23 06:20:29,1,17.75,2,N,100,132,1,52.0,0.0,0.5,11.71,5.76,0.3,70.27,March,Thursday,0 days 00:30:11,30.183333333333334,100 132,17.2175,35.22083333333333,0
105,4669,38607157,2,2017-05-06 14:48:13,2017-05-06 15:40:59,2,9.76,2,N,93,163,1,52.0,0.0,0.5,15.84,0.0,0.3,68.64,May,Saturday,0 days 00:52:46,52.766666666666666,93 163,9.76,52.766666666666666,0
106,4770,96120588,2,2017-11-13 06:34:10,2017-11-13 07:06:13,1,18.77,2,N,262,132,1,52.0,0.0,0.5,10.0,5.76,0.3,68.56,November,Monday,0 days 00:32:03,32.05,262 132,20.335,32.025,1
107,4806,29968913,2,2017-04-13 14:36:48,2017-04-13 15:23:52,2,17.1,2,N,161,132,1,52.0,0.0,0.5,11.71,5.76,0.3,70.27,April,Thursday,0 days 00:47:04,47.06666666666667,161 132,17.1625,56.55,0
108,4861,45088183,2,2017-05-25 22:18:05,2017-05-25 22:52:09,6,20.03,2,N,132,140,2,52.0,0.0,0.5,0.0,5.76,0.3,58.56,May,Thursday,0 days 00:34:04,34.06666666666667,132 140,19.293333333333333,36.791666666666664,0
109,4895,106480363,2,2017-12-15 22:19:49,2017-12-15 23:11:32,6,17.29,2,N,186,132,1,52.0,0.0,0.5,11.71,5.76,0.3,70.27,December,Friday,0 days 00:51:43,51.71666666666667,186 132,17.096,42.92,0
110,4900,68708958,1,2017-08-14 10:32:05,2017-08-14 11:17:38,2,17.7,2,N,132,162,1,52.0,0.0,0.5,10.0,5.76,0.3,68.56,August,Monday,0 days 00:45:33,45.55,132 162,17.082857142857144,43.996428571428574,0
111,4969,92987697,2,2017-11-03 15:01:15,2017-11-03 15:55:47,1,17.34,2,N,132,229,1,52.0,0.0,0.5,11.71,5.76,0.3,70.27,November,Friday,0 days 00:54:32,54.53333333333333,132 229,18.49,47.61388888888889,0
96,4191,36018976,2,2017-04-28 08:41:44,2017-04-28 09:24:20,4,16.64,2,N,107,132,1,52.0,0.0,0.5,10.0,5.76,0.3,68.56,April,Friday,0 days 00:42:36,42.6,107 132,16.755,50.75416666666666,1
97,4203,67385876,2,2017-08-09 12:52:52,2017-08-09 13:36:43,2,19.26,2,N,132,246,1,52.0,0.0,0.5,10.0,5.76,0.3,68.56,August,Wednesday,0 days 00:43:51,43.85,132 246,18.515,66.3,0
98,4212,54288030,2,2017-06-25 22:49:50,2017-06-25 23:45:10,1,18.65,2,N,132,125,1,52.0,0.0,0.5,10.56,0.0,0.3,63.36,June,Sunday,0 days 00:55:20,55.333333333333336,132 125,18.736666666666668,53.12222222222223,0
99,4280,98410584,2,2017-11-20 05:44:01,2017-11-20 06:16:08,2,16.32,2,N,132,230,1,52.0,0.0,0.5,11.71,5.76,0.3,70.27,November,Monday,0 days 00:32:07,32.11666666666667,132 230,18.5712,59.59533333333333,0
100,4308,10003660,2,2017-02-11 17:32:47,2017-02-11 18:33:47,1,17.63,2,N,230,132,1,52.0,0.0,0.5,7.0,5.54,0.3,65.34,February,Saturday,0 days 01:01:00,61.0,230 132,18.14875,56.849999999999994,0
101,4357,32264670,1,2017-04-20 06:25:44,2017-04-20 07:22:48,1,18.6,2,N,132,262,1,52.0,0.0,0.5,11.7,5.76,0.3,70.26,April,Thursday,0 days 00:57:04,57.06666666666667,132 262,19.165,49.93125,1
102,4362,38921983,2,2017-05-07 12:11:59,2017-05-07 13:13:48,1,19.53,2,N,132,113,1,52.0,0.0,0.5,10.56,0.0,0.3,63.36,May,Sunday,0 days 01:01:49,61.81666666666667,132 113,18.302,40.70666666666666,0
103,4426,113439083,1,2017-01-07 18:18:12,2017-01-07 19:01:06,2,17.7,2,N,132,74,1,52.0,0.0,0.5,10.0,5.54,0.3,68.34,January,Saturday,0 days 00:42:54,42.9,132 74,17.25,37.3,0
152,6956,5073499,1,2017-01-29 09:58:04,2017-01-29 10:29:40,1,16.4,2,N,132,163,1,52.0,0.0,0.5,8.0,5.54,0.3,66.34,January,Sunday,0 days 00:31:36,31.6,132 163,19.229,52.94166666666666,0
153,7012,107877815,2,2017-12-20 08:23:16,2017-12-21 08:19:56,1,19.76,2,N,236,132,1,52.0,0.0,0.5,8.78,5.76,0.3,67.34,December,Wednesday,0 days 23:56:40,88.74999999999999,236 132,19.21166666666667,40.49444444444444,1
154,7074,58329341,2,2017-07-08 23:10:07,2017-07-08 23:50:31,6,17.02,2,N,90,132,1,52.0,0.0,0.5,11.71,5.76,0.3,70.27,July,Saturday,0 days 00:40:24,40.4,90 132,22.61,46.05,0
155,7103,109375799,1,2017-12-25 17:37:11,2017-12-25 18:08:58,1,18.2,2,N,132,113,1,52.0,0.0,0.5,10.0,5.76,0.3,68.56,December,Monday,0 days 00:31:47,31.783333333333335,132 113,18.302,40.70666666666666,1
156,7129,56045518,2,2017-06-09 21:24:23,2017-06-09 22:10:11,1,18.12,2,N,132,68,1,52.0,0.0,0.5,7.44,5.76,0.3,66.0,June,Friday,0 days 00:45:48,45.8,132 68,18.7975,52.545833333333334,0
157,7131,19983053,1,2017-03-09 18:23:20,2017-03-09 19:21:04,1,20.6,2,N,132,88,2,52.0,4.5,0.5,0.0,5.54,0.3,62.84,March,Thursday,0 days 00:57:44,57.733333333333334,132 88,20.6,57.733333333333334,1
158,7145,108735316,2,2017-12-22 18:42:42,2017-12-22 19:42:18,3,19.29,2,N,43,132,1,52.0,4.5,0.5,11.46,0.0,0.3,68.76,December,Friday,0 days 00:59:36,59.6,43 132,18.6575,41.27916666666667,1
159,7167,19209539,2,2017-03-07 16:42:46,2017-03-07 16:42:48,1,0.2,2,N,264,132,1,52.0,4.5,0.5,17.19,0.0,0.3,74.49,March,Tuesday,0 days 00:00:02,0.03333333333333333,264 132,0.2,0.03333333333333333,1
144,6493,54862162,2,2017-06-27 16:52:07,2017-06-28 16:49:57,1,15.6,2,N,163,132,1,52.0,4.5,0.5,0.0,0.0,0.3,57.3,June,Tuesday,0 days 23:57:50,88.74999999999999,163 132,17.275833333333335,52.33611111111111,1
145,6499,44477969,2,2017-05-24 07:14:15,2017-05-24 08:42:12,3,20.79,2,N,132,141,1,52.0,0.0,0.5,10.0,5.76,0.3,68.56,May,Wednesday,0 days 01:27:57,87.95,132 141,19.14,50.39722222222222,1
146,6501,1921298,1,2017-01-22 04:35:37,2017-01-22 04:35:45,1,1.7,2,N,113,113,3,52.0,0.0,0.5,0.0,0.0,0.3,52.8,January,Sunday,0 days 00:00:08,0.13333333333333333,113 113,0.8346153846153845,5.343589743589744,0
147,6625,16694553,2,2017-03-11 11:14:53,2017-03-11 11:37:53,1,15.76,2,N,170,132,1,52.0,0.0,0.5,11.67,5.54,0.3,70.01,March,Saturday,0 days 00:23:00,23.0,170 132,16.095,43.40625,0
148,6640,15915577,2,2017-02-27 18:34:17,2017-02-27 19:20:02,2,22.79,2,N,132,261,2,52.0,4.5,0.5,0.0,5.54,0.3,62.84,February,Monday,0 days 00:45:45,45.75,132 261,22.115000000000002,51.49375,1
149,6641,108022458,2,2017-12-20 17:42:39,2017-12-20 19:09:56,1,17.14,2,N,246,132,1,52.0,4.5,0.5,18.92,5.76,0.3,81.98,December,Wednesday,0 days 01:27:17,87.28333333333333,246 132,17.14,87.28333333333333,1
150,6748,48465913,1,2017-06-04 22:03:41,2017-06-04 22:35:14,1,17.1,2,N,132,163,1,52.0,0.0,0.5,10.0,0.0,0.3,62.8,June,Sunday,0 days 00:31:33,31.55,132 163,19.229,52.94166666666666,0
151,6914,12289270,1,2017-02-16 15:25:53,2017-02-16 16:56:01,1,17.4,2,N,161,132,1,52.0,0.0,0.5,10.55,0.0,0.3,63.35,February,Thursday,0 days 01:30:08,88.74999999999999,161 132,17.1625,56.55,0
136,6118,31079399,2,2017-04-16 18:05:21,2017-04-16 18:33:54,1,16.6,2,N,164,132,1,52.0,0.0,0.5,11.71,5.76,0.3,70.27,April,Sunday,0 days 00:28:33,28.55,164 132,16.44333333333333,39.916666666666664,0
137,6227,14223445,2,2017-02-22 18:34:22,2017-02-22 19:24:06,6,18.22,2,N,230,132,1,52.0,4.5,0.5,5.0,5.54,0.3,67.84,February,Wednesday,0 days 00:49:44,49.733333333333334,230 132,18.14875,56.849999999999994,1
138,6236,92506783,1,2017-11-02 06:19:27,2017-11-02 07:10:24,1,17.7,2,N,132,230,1,52.0,0.0,0.5,10.0,5.76,0.3,68.56,November,Thursday,0 days 00:50:57,50.95,132 230,18.5712,59.59533333333333,1
139,6257,11895363,1,2017-02-15 13:02:24,2017-02-15 13:32:25,2,18.8,2,N,236,132,1,52.0,0.0,0.5,11.65,5.54,0.3,69.99,February,Wednesday,0 days 00:30:01,30.016666666666666,236 132,19.21166666666667,40.49444444444444,0
140,6262,70547351,2,2017-08-21 06:14:32,2017-08-21 07:01:06,3,18.79,2,N,132,48,1,52.0,0.0,0.5,0.0,5.76,0.3,58.56,August,Monday,0 days 00:46:34,46.56666666666667,132 48,18.761904761904763,58.24444444444444,1
141,6272,88611746,2,2017-10-20 21:49:37,2017-10-20 22:37:50,5,3.89,2,N,163,230,2,52.0,0.0,0.5,0.0,5.76,0.3,58.56,October,Friday,0 days 00:48:13,48.21666666666667,163 230,0.9641935483870968,10.581720430107525,0
142,6283,86805643,1,2017-10-15 08:19:06,2017-10-15 08:45:02,1,18.0,2,N,75,132,1,52.0,0.0,0.5,5.0,5.76,0.3,63.56,October,Sunday,0 days 00:25:56,25.933333333333334,75 132,18.4425,36.204166666666666,0
143,6477,98580315,1,2017-11-20 17:27:58,2017-11-20 18:30:51,2,18.1,2,N,132,90,2,52.0,4.5,0.5,0.0,5.76,0.3,63.06,November,Monday,0 days 01:02:53,62.88333333333333,132 90,18.666666666666668,43.62222222222223,1
128,5773,91139234,1,2017-10-28 18:22:53,2017-10-28 19:32:28,1,18.4,2,N,264,209,1,52.0,0.0,0.5,10.55,0.0,0.3,63.35,October,Saturday,0 days 01:09:35,69.58333333333333,264 209,12.049999999999999,45.516666666666666,0
129,5792,68023798,2,2017-08-11 14:14:01,2017-08-11 15:17:31,1,30.33,2,N,132,158,1,52.0,0.0,0.5,14.64,5.76,0.3,73.2,August,Friday,0 days 01:03:30,63.5,132 158,22.7,49.7375,0
130,5862,77353735,2,2017-09-14 17:01:05,2017-09-14 17:26:29,1,1.58,2,N,170,48,1,52.0,4.5,0.5,12.61,5.76,0.3,75.67,September,Thursday,0 days 00:25:24,25.4,170 48,1.2657894736842106,14.1359649122807,1
131,5874,82735489,1,2017-10-02 10:51:38,2017-10-02 11:36:44,1,17.4,2,N,48,132,2,52.0,0.0,0.5,0.0,0.0,0.3,52.8,October,Monday,0 days 00:45:06,45.1,48 132,17.69,46.705555555555556,0
132,5875,102569955,2,2017-12-04 13:46:28,2017-12-04 15:00:50,2,15.98,2,N,161,132,1,52.0,0.0,0.5,5.0,0.0,0.3,57.8,December,Monday,0 days 01:14:22,74.36666666666666,161 132,17.1625,56.55,0
133,6017,68936536,1,2017-08-15 08:55:16,2017-08-15 09:49:13,1,17.5,2,N,163,132,2,52.0,0.0,0.5,0.0,5.76,0.3,58.56,August,Tuesday,0 days 00:53:57,53.95,163 132,17.275833333333335,52.33611111111111,1
134,6031,21458367,1,2017-03-15 18:02:44,2017-03-15 19:14:29,1,22.1,2,N,264,264,2,52.0,4.5,0.5,0.0,5.54,0.3,62.84,March,Wednesday,0 days 01:11:45,71.75,264 264,3.1791512915129148,15.577552275522754,1
135,6097,100448595,2,2017-11-27 21:48:03,2017-11-27 22:18:51,1,17.8,2,N,132,170,1,52.0,0.0,0.5,11.71,5.76,0.3,70.27,November,Monday,0 days 00:30:48,30.8,132 170,17.203,37.11333333333333,0
184,8197,39498898,2,2017-05-16 13:33:23,2017-05-16 13:33:37,1,0.01,2,N,100,100,2,52.0,0.0,0.5,0.0,0.0,0.3,52.8,May,Tuesday,0 days 00:00:14,0.23333333333333334,100 100,0.304,3.746666666666667,0
185,8287,83429345,2,2017-10-04 16:57:36,2017-10-04 17:53:01,5,18.44,2,N,132,4,2,52.0,4.5,0.5,0.0,0.0,0.3,57.3,October,Wednesday,0 days 00:55:25,55.416666666666664,132 4,18.59,57.05555555555555,1
186,8298,1041620,1,2017-01-04 16:29:56,2017-01-04 17:36:44,1,17.2,2,N,234,132,1,52.0,4.5,0.5,12.55,5.54,0.3,75.39,January,Wednesday,0 days 01:06:48,66.8,234 132,17.419999999999998,48.6,1
187,8356,59192147,2,2017-07-12 07:19:15,2017-07-12 08:03:32,1,21.08,2,N,142,132,1,52.0,0.0,0.5,6.0,5.76,0.3,64.56,July,Wednesday,0 days 00:44:17,44.28333333333333,142 132,20.77,48.949999999999996,1
188,8468,40341082,1,2017-05-18 19:33:00,2017-05-18 20:32:35,1,16.5,2,N,162,132,1,52.0,4.5,0.5,4.0,5.76,0.3,67.06,May,Thursday,0 days 00:59:35,59.583333333333336,162 132,15.9475,50.6125,1
189,8470,80749449,2,2017-09-25 21:52:24,2017-09-25 22:32:00,1,20.08,2,N,132,239,2,52.0,0.0,0.5,0.0,5.76,0.3,58.56,September,Monday,0 days 00:39:36,39.6,132 239,20.90125,44.8625,0
190,8484,7514671,2,2017-02-02 05:50:35,2017-02-02 06:24:44,3,17.37,2,N,48,132,1,52.0,0.0,0.5,11.67,5.54,0.3,70.01,February,Thursday,0 days 00:34:09,34.15,48 132,17.69,46.705555555555556,0
191,8515,86674683,1,2017-10-14 20:02:23,2017-10-14 20:47:10,2,20.6,2,N,132,238,2,52.0,0.0,0.5,0.0,5.76,0.3,58.56,October,Saturday,0 days 00:44:47,44.78333333333333,132 238,20.8375,43.775,0
176,8035,78544143,1,2017-09-18 11:18:05,2017-09-18 12:43:41,1,22.8,2,N,132,230,2,52.0,0.0,0.5,0.0,5.76,0.3,58.56,September,Monday,0 days 01:25:36,85.6,132 230,18.5712,59.59533333333333,0
177,8039,73825364,1,2017-09-02 15:59:24,2017-09-02 16:00:56,2,0.2,2,N,233,233,1,52.0,0.0,0.5,1.0,5.76,0.3,59.56,September,Saturday,0 days 00:01:32,1.5333333333333334,233 233,0.6516666666666667,4.351388888888889,0
178,8040,12474697,1,2017-02-17 00:13:12,2017-02-17 00:44:18,1,20.7,2,N,132,239,1,52.0,0.0,0.5,10.0,5.54,0.3,68.34,February,Friday,0 days 00:31:06,31.1,132 239,20.90125,44.8625,0
179,8072,44458818,1,2017-05-24 04:04:43,2017-05-24 04:40:45,3,19.4,2,N,234,132,2,52.0,0.0,0.5,0.0,0.0,0.3,52.8,May,Wednesday,0 days 00:36:02,36.03333333333333,234 132,17.419999999999998,48.6,0
180,8100,45909649,2,2017-05-28 21:55:29,2017-05-28 22:33:47,1,17.43,2,N,132,140,1,52.0,0.0,0.5,10.56,0.0,0.3,63.36,May,Sunday,0 days 00:38:18,38.3,132 140,19.293333333333333,36.791666666666664,0
181,8118,48414517,2,2017-06-04 18:33:34,2017-06-04 19:23:37,1,17.86,2,N,163,132,1,52.0,0.0,0.5,10.56,0.0,0.3,63.36,June,Sunday,0 days 00:50:03,50.05,163 132,17.275833333333335,52.33611111111111,0
182,8133,78468913,2,2017-09-18 05:57:09,2017-09-18 06:29:45,1,17.33,2,N,48,132,1,52.0,0.0,0.5,14.64,5.76,0.3,73.2,September,Monday,0 days 00:32:36,32.6,48 132,17.69,46.705555555555556,0
183,8176,86554308,2,2017-10-14 14:28:15,2017-10-14 15:19:22,1,19.8,2,N,132,236,1,52.0,0.0,0.5,11.71,5.76,0.3,70.27,October,Saturday,0 days 00:51:07,51.11666666666667,132 236,19.491666666666667,50.24722222222223,0
168,7705,68579986,1,2017-08-13 18:04:06,2017-08-13 18:41:50,3,16.7,2,N,229,132,3,52.0,0.0,0.5,0.0,0.0,0.3,52.8,August,Sunday,0 days 00:37:44,37.733333333333334,229 132,16.683333333333334,46.040740740740745,0
169,7710,86617459,1,2017-10-14 17:21:14,2017-10-14 17:59:12,2,19.2,2,N,263,132,1,52.0,0.0,0.5,11.7,5.76,0.3,70.26,October,Saturday,0 days 00:37:58,37.96666666666667,263 132,19.095,36.016666666666666,0
170,7734,110585291,1,2017-12-30 15:14:29,2017-12-30 15:56:09,2,22.2,2,N,132,233,1,52.0,0.0,0.5,10.0,5.76,0.3,68.56,December,Saturday,0 days 00:41:40,41.666666666666664,132 233,17.86,43.57666666666667,0
171,7767,66635145,2,2017-08-06 16:25:52,2017-08-06 17:15:50,1,19.26,2,N,132,114,2,52.0,0.0,0.5,0.0,5.76,0.3,58.56,August,Sunday,0 days 00:49:58,49.96666666666667,132 114,21.73,69.35833333333332,0
172,7798,17810088,2,2017-03-03 21:20:20,2017-03-03 21:48:34,3,17.23,2,N,132,170,1,52.0,0.0,0.5,11.67,5.54,0.3,70.01,March,Friday,0 days 00:28:14,28.233333333333334,132 170,17.203,37.11333333333333,0
173,7867,37606808,1,2017-05-03 16:53:34,2017-05-03 18:02:56,1,15.7,2,N,10,148,1,52.0,4.5,0.5,0.0,5.76,0.3,63.06,May,Wednesday,0 days 01:09:22,69.36666666666666,10 148,15.7,69.36666666666666,1
174,7884,36782030,1,2017-05-01 11:02:52,2017-05-01 11:51:33,1,17.0,2,N,132,100,1,52.0,0.0,0.5,11.7,5.76,0.3,70.26,May,Monday,0 days 00:48:41,48.68333333333333,132 100,17.6,68.71666666666665,0
175,7963,112525675,2,2017-01-05 23:29:29,2017-01-05 23:55:27,1,17.95,2,N,132,42,1,52.0,0.0,0.5,12.0,0.0,0.3,64.8,January,Thursday,0 days 00:25:58,25.966666666666665,132 42,17.95,25.966666666666665,0
160,7195,100941192,2,2017-11-29 15:46:21,2017-11-29 17:22:32,4,18.2,2,N,132,100,2,52.0,0.0,0.5,0.0,5.76,0.3,58.56,November,Wednesday,0 days 01:36:11,88.74999999999999,132 100,17.6,68.71666666666665,0
161,7245,8173928,1,2017-02-03 21:48:32,2017-02-03 22:02:33,1,4.5,2,N,226,230,2,52.0,0.0,0.5,0.0,5.54,0.3,58.34,February,Friday,0 days 00:14:01,14.016666666666667,226 230,4.46,16.383333333333336,0
162,7524,1928411,2,2017-01-22 06:38:14,2017-01-22 06:56:41,1,9.45,2,N,93,224,2,52.0,0.0,0.5,0.0,5.54,0.3,58.34,January,Sunday,0 days 00:18:27,18.45,93 224,9.45,18.45,0
163,7537,26188222,2,2017-03-30 15:16:09,2017-03-30 16:29:58,3,18.42,2,N,264,264,2,52.0,0.0,0.5,0.0,0.0,0.3,52.8,March,Thursday,0 days 01:13:49,73.81666666666666,264 264,3.1791512915129148,15.577552275522754,0
164,7592,6379451,1,2017-01-22 17:22:59,2017-01-22 18:17:24,1,21.0,2,N,132,261,1,52.0,0.0,0.5,10.55,0.0,0.3,63.35,January,Sunday,0 days 00:54:25,54.416666666666664,132 261,22.115000000000002,51.49375,0
165,7663,76125643,2,2017-09-10 17:06:02,2017-09-10 18:25:40,4,19.7,2,N,132,151,1,52.0,0.0,0.5,11.71,5.76,0.3,70.27,September,Sunday,0 days 01:19:38,79.63333333333334,132 151,19.834,48.53333333333334,0
166,7671,84836332,1,2017-10-09 03:53:29,2017-10-09 04:17:02,2,16.5,2,N,229,132,1,52.0,0.0,0.5,10.0,0.0,0.3,62.8,October,Monday,0 days 00:23:33,23.55,229 132,16.683333333333334,46.040740740740745,0
167,7704,314291,1,2017-01-08 20:50:50,2017-01-08 21:26:25,1,19.3,2,N,132,87,2,52.0,0.0,0.5,0.0,0.0,0.3,52.8,January,Sunday,0 days 00:35:35,35.583333333333336,132 87,19.96,50.68611111111111,0
216,9580,105986262,2,2017-12-14 15:30:25,2017-12-14 16:54:13,1,17.97,2,N,132,163,1,52.0,0.0,0.5,0.0,5.76,0.3,58.56,December,Thursday,0 days 01:23:48,83.8,132 163,19.229,52.94166666666666,0
217,9723,58501018,1,2017-07-09 17:34:45,2017-07-09 18:06:58,1,10.4,2,N,132,80,1,52.0,0.0,0.5,7.2,0.0,0.3,60.0,July,Sunday,0 days 00:32:13,32.21666666666667,132 80,15.606666666666667,31.95555555555556,0
218,9741,90650804,2,2017-10-27 10:21:46,2017-10-27 11:14:42,1,17.92,2,N,230,132,1,52.0,0.0,0.5,11.71,5.76,0.3,70.27,October,Friday,0 days 00:52:56,52.93333333333333,230 132,18.14875,56.849999999999994,0
219,9781,73760686,2,2017-09-02 09:33:46,2017-09-02 10:10:19,1,19.65,2,N,132,151,1,52.0,0.0,0.5,11.71,5.76,0.3,70.27,September,Saturday,0 days 00:36:33,36.55,132 151,19.834,48.53333333333334,0
220,9802,69567201,1,2017-08-17 13:03:12,2017-08-17 14:04:44,1,18.6,2,N,164,132,1,52.0,0.0,0.5,6.0,5.76,0.3,64.56,August,Thursday,0 days 01:01:32,61.53333333333333,164 132,16.44333333333333,39.916666666666664,0
221,9805,88152145,2,2017-10-19 15:51:29,2017-10-19 16:18:29,2,1.48,2,N,170,230,2,52.0,0.0,0.5,0.0,5.76,0.3,58.56,October,Thursday,0 days 00:27:00,27.0,170 230,1.1295454545454546,13.024242424242425,0
222,9820,76553220,2,2017-09-12 07:39:49,2017-09-12 08:15:34,1,16.44,2,N,162,132,2,52.0,0.0,0.5,0.0,5.76,0.3,58.56,September,Tuesday,0 days 00:35:45,35.75,162 132,15.9475,50.6125,1
223,9957,78641310,1,2017-09-18 18:26:24,2017-09-18 19:27:47,1,21.4,2,N,132,238,1,52.0,4.5,0.5,10.0,0.0,0.3,67.3,September,Monday,0 days 01:01:23,61.38333333333333,132 238,20.8375,43.775,1
208,9469,52390640,1,2017-06-20 14:36:54,2017-06-20 15:30:59,1,16.1,2,N,233,132,1,52.0,0.0,0.5,11.7,5.76,0.3,70.26,June,Tuesday,0 days 00:54:05,54.083333333333336,233 132,17.40888888888889,58.47962962962962,0
209,9473,27256120,2,2017-04-02 19:48:15,2017-04-02 21:04:06,2,17.31,2,N,132,164,1,52.0,0.0,0.5,5.0,5.76,0.3,63.56,April,Sunday,0 days 01:15:51,75.85,132 164,18.7575,59.56041666666667,0
210,9488,36515612,1,2017-04-30 16:38:02,2017-04-30 17:45:07,1,20.8,2,N,132,239,2,52.0,0.0,0.5,0.0,5.76,0.3,58.56,April,Sunday,0 days 01:07:05,67.08333333333333,132 239,20.90125,44.8625,0
211,9506,31060047,1,2017-04-16 16:47:28,2017-04-16 17:43:40,1,21.2,2,N,132,209,1,52.0,0.0,0.5,14.6,5.76,0.3,73.16,April,Sunday,0 days 00:56:12,56.2,132 209,21.2,56.2,0
212,9519,35242568,1,2017-04-10 08:38:56,2017-04-10 09:17:59,1,18.6,2,N,166,132,2,52.0,0.0,0.5,0.0,5.76,0.3,58.56,April,Monday,0 days 00:39:03,39.05,166 132,19.026666666666667,41.611111111111114,1
213,9528,57407766,2,2017-07-05 16:47:44,2017-07-05 17:41:23,1,19.0,2,N,132,158,1,52.0,4.5,0.5,15.76,5.76,0.3,78.82,July,Wednesday,0 days 00:53:39,53.65,132 158,22.7,49.7375,1
214,9545,32520692,2,2017-04-20 19:54:27,2017-04-20 20:47:56,2,21.1,2,N,233,132,1,52.0,4.5,0.5,8.0,5.76,0.3,71.06,April,Thursday,0 days 00:53:29,53.483333333333334,233 132,17.40888888888889,58.47962962962962,1
215,9557,780706,1,2017-01-03 17:06:47,2017-01-03 18:11:46,1,21.6,2,N,132,143,1,52.0,4.5,0.5,5.0,5.54,0.3,67.84,January,Tuesday,0 days 01:04:59,64.98333333333333,132 143,10.905000000000001,76.86666666666666,1
200,9123,91830700,2,2017-10-30 21:34:11,2017-10-30 22:06:35,5,18.3,2,N,132,232,1,52.0,0.0,0.5,10.56,0.0,0.3,63.36,October,Monday,0 days 00:32:24,32.4,132 232,18.3,37.55,0
201,9145,30605042,2,2017-04-15 08:18:58,2017-04-15 08:45:40,6,16.95,2,N,132,162,2,52.0,0.0,0.5,0.0,5.76,0.3,58.56,April,Saturday,0 days 00:26:42,26.7,132 162,17.082857142857144,43.996428571428574,0
202,9160,6375752,2,2017-01-22 17:08:26,2017-01-22 17:27:50,1,8.05,2,N,223,161,2,52.0,0.0,0.5,0.0,5.54,0.3,58.34,January,Sunday,0 days 00:19:24,19.4,223 161,8.05,19.4,0
203,9177,32837415,2,2017-04-21 14:51:37,2017-04-21 15:50:28,2,14.77,2,N,162,132,1,52.0,0.0,0.5,13.2,0.0,0.3,66.0,April,Friday,0 days 00:58:51,58.85,162 132,15.9475,50.6125,0
204,9225,89427147,2,2017-10-23 15:19:00,2017-10-23 16:24:54,5,17.18,2,N,234,132,1,52.0,0.0,0.5,11.71,5.76,0.3,70.27,October,Monday,0 days 01:05:54,65.9,234 132,17.419999999999998,48.6,0
205,9256,91109028,1,2017-10-28 16:28:28,2017-10-28 17:16:19,1,21.1,2,N,132,229,1,52.0,0.0,0.5,8.0,5.76,0.3,66.56,October,Saturday,0 days 00:47:51,47.85,132 229,18.49,47.61388888888889,0
206,9408,39346117,1,2017-05-15 23:40:20,2017-05-16 00:15:48,1,20.6,2,N,132,238,1,52.0,0.0,0.5,6.5,5.76,0.3,65.06,May,Monday,0 days 00:35:28,35.46666666666667,132 238,20.8375,43.775,0
207,9418,10398771,2,2017-02-12 17:28:14,2017-02-12 18:27:12,1,19.64,2,N,132,231,1,52.0,0.0,0.5,10.56,0.0,0.3,63.36,February,Sunday,0 days 00:58:58,58.96666666666667,132 231,20.46,51.75833333333333,0
192,8566,50481784,2,2017-06-15 00:00:56,2017-06-15 00:44:53,1,22.39,2,N,132,48,1,52.0,0.0,0.5,14.64,5.76,0.3,73.2,June,Thursday,0 days 00:43:57,43.95,132 48,18.761904761904763,58.24444444444444,0
193,8597,57991709,1,2017-07-07 19:22:05,2017-07-07 19:49:32,1,10.8,2,N,132,92,3,52.0,4.5,0.5,0.0,0.0,0.3,57.3,July,Friday,0 days 00:27:27,27.45,132 92,10.515,24.508333333333333,1
194,8631,103191374,2,2017-12-06 11:23:38,2017-12-06 11:57:16,1,19.31,2,N,144,132,1,52.0,0.0,0.5,13.2,0.0,0.3,66.0,December,Wednesday,0 days 00:33:38,33.63333333333333,144 132,18.335,38.3,0
195,8726,86820791,2,2017-10-15 09:37:14,2017-10-15 09:38:42,5,0.57,2,N,164,230,1,52.0,0.0,0.5,0.0,5.76,0.3,58.56,October,Sunday,0 days 00:01:28,1.4666666666666666,164 230,1.1385714285714286,12.424285714285714,0
196,8878,41449693,2,2017-05-09 18:04:09,2017-05-09 19:09:42,2,21.31,2,N,132,87,1,52.0,4.5,0.5,10.0,5.76,0.3,73.06,May,Tuesday,0 days 01:05:33,65.55,132 87,19.96,50.68611111111111,1
197,8995,8304620,2,2017-02-04 09:00:10,2017-02-04 09:34:03,1,19.68,2,N,239,132,1,52.0,0.0,0.5,11.67,5.54,0.3,70.01,February,Saturday,0 days 00:33:53,33.88333333333333,239 132,19.795,50.5625,0
198,9040,99729884,2,2017-11-25 05:28:48,2017-11-25 05:59:00,5,17.39,2,N,163,132,1,52.0,0.0,0.5,15.84,0.0,0.3,68.64,November,Saturday,0 days 00:30:12,30.2,163 132,17.275833333333335,52.33611111111111,0
199,9043,82593823,2,2017-10-01 18:21:47,2017-10-01 19:16:28,1,19.77,2,N,132,236,1,52.0,0.0,0.5,11.44,5.76,0.3,70.0,October,Sunday,0 days 00:54:41,54.68333333333333,132 236,19.491666666666667,50.24722222222223,0
248,11013,78651713,2,2017-09-18 19:43:31,2017-09-18 20:28:13,1,20.63,2,N,132,261,1,52.0,4.5,0.5,11.46,0.0,0.3,68.76,September,Monday,0 days 00:44:42,44.7,132 261,22.115000000000002,51.49375,1
249,11030,15251159,2,2017-02-25 18:09:27,2017-02-25 18:58:36,1,15.98,2,N,233,132,1,52.0,0.0,0.5,11.67,5.54,0.3,70.01,February,Saturday,0 days 00:49:09,49.15,233 132,17.40888888888889,58.47962962962962,0
250,11074,35863377,1,2017-04-12 07:54:47,2017-04-12 08:26:47,1,21.9,2,N,262,132,1,52.0,0.0,0.5,14.6,5.76,0.3,73.16,April,Wednesday,0 days 00:32:00,32.0,262 132,20.335,32.025,1
251,11096,70921874,1,2017-08-22 15:10:12,2017-08-22 15:55:25,1,14.2,2,N,216,90,1,52.0,0.0,0.5,11.7,5.76,0.3,70.26,August,Tuesday,0 days 00:45:13,45.21666666666667,216 90,14.2,45.21666666666667,0
252,11227,101201273,1,2017-11-30 11:01:36,2017-11-30 12:15:40,1,20.8,2,N,132,163,1,52.0,0.0,0.5,14.6,5.76,0.3,73.16,November,Thursday,0 days 01:14:04,74.06666666666666,132 163,19.229,52.94166666666666,0
253,11258,38792013,1,2017-05-07 00:09:03,2017-05-07 00:41:02,2,17.4,2,N,132,148,1,52.0,0.0,0.5,10.55,0.0,0.3,63.35,May,Sunday,0 days 00:31:59,31.983333333333334,132 148,17.994285714285716,46.34047619047619,0
254,11362,84037636,2,2017-10-06 14:08:25,2017-10-06 15:01:19,1,21.11,2,N,132,87,2,52.0,0.0,0.5,0.0,5.76,0.3,58.56,October,Friday,0 days 00:52:54,52.9,132 87,19.96,50.68611111111111,0
255,11382,18904830,1,2017-03-06 17:44:47,2017-03-06 17:45:56,2,0.2,2,N,264,264,1,52.0,4.5,0.5,12.55,5.54,0.3,75.39,March,Monday,0 days 00:01:09,1.15,264 264,3.1791512915129148,15.577552275522754,1
240,10539,50353360,2,2017-06-14 17:33:35,2017-06-14 18:30:33,1,18.62,2,N,132,236,1,52.0,4.5,0.5,12.61,5.76,0.3,75.67,June,Wednesday,0 days 00:56:58,56.96666666666667,132 236,19.491666666666667,50.24722222222223,1
241,10563,111709231,1,2017-01-16 18:17:59,2017-01-16 19:05:59,2,17.7,2,N,132,230,2,52.0,0.0,0.5,0.0,5.54,0.3,58.34,January,Monday,0 days 00:48:00,48.0,132 230,18.5712,59.59533333333333,1
242,10606,112590644,2,2017-01-18 20:49:23,2017-01-18 21:22:07,3,19.6,2,N,132,152,1,52.0,0.0,0.5,11.67,5.54,0.3,70.01,January,Wednesday,0 days 00:32:44,32.733333333333334,132 152,19.1,38.425,0
243,10625,42435192,2,2017-05-12 11:55:03,2017-05-12 13:00:44,1,21.74,2,N,132,161,1,52.0,0.0,0.5,3.0,5.76,0.3,61.56,May,Friday,0 days 01:05:41,65.68333333333334,132 161,18.601666666666667,46.481944444444444,0
244,10662,25055805,2,2017-03-27 11:36:40,2017-03-27 12:16:51,1,12.19,2,N,28,230,1,52.0,0.0,0.5,6.0,5.76,0.3,64.56,March,Monday,0 days 00:40:11,40.18333333333333,28 230,12.19,40.18333333333333,0
245,10722,37302529,1,2017-05-02 19:56:47,2017-05-02 20:28:06,2,18.5,2,N,132,263,2,52.0,4.5,0.5,0.0,5.76,0.3,63.06,May,Tuesday,0 days 00:31:19,31.316666666666666,132 263,19.21,39.97666666666667,1
246,10899,109689075,1,2017-12-27 08:44:17,2017-12-27 09:17:20,1,16.7,2,N,132,233,1,52.0,0.0,0.5,14.6,5.76,0.3,73.16,December,Wednesday,0 days 00:33:03,33.05,132 233,17.86,43.57666666666667,1
247,11004,42250139,2,2017-05-11 21:29:00,2017-05-11 22:22:40,3,16.91,2,N,186,132,1,52.0,0.0,0.5,11.71,5.76,0.3,70.27,May,Thursday,0 days 00:53:40,53.666666666666664,186 132,17.096,42.92,0
232,10297,81517175,2,2017-09-28 12:48:40,2017-09-28 13:28:38,1,16.82,2,N,161,132,1,52.0,0.0,0.5,11.71,5.76,0.3,70.27,September,Thursday,0 days 00:39:58,39.96666666666667,161 132,17.1625,56.55,0
233,10302,43431843,1,2017-05-15 08:11:34,2017-05-15 09:03:16,1,28.2,2,N,90,132,1,52.0,0.0,0.5,11.71,5.76,0.3,70.27,May,Monday,0 days 00:51:42,51.7,90 132,22.61,46.05,1
234,10365,27128848,1,2017-04-02 12:15:10,2017-04-02 13:02:36,1,17.7,2,Y,48,132,1,52.0,0.0,0.5,11.7,5.76,0.3,70.26,April,Sunday,0 days 00:47:26,47.43333333333333,48 132,17.69,46.705555555555556,0
235,10390,85497137,2,2017-10-11 11:24:53,2017-10-11 12:03:15,2,16.26,2,N,100,132,1,52.0,0.0,0.5,14.64,5.76,0.3,73.2,October,Wednesday,0 days 00:38:22,38.36666666666667,100 132,17.2175,35.22083333333333,0
236,10433,82471328,2,2017-10-01 10:09:23,2017-10-01 10:50:25,1,17.56,2,N,132,161,2,52.0,0.0,0.5,0.0,5.76,0.3,58.56,October,Sunday,0 days 00:41:02,41.03333333333333,132 161,18.601666666666667,46.481944444444444,0
237,10512,72078567,1,2017-08-26 18:56:40,2017-08-26 19:30:18,1,18.5,2,N,263,132,1,52.0,0.0,0.5,12.0,5.76,0.3,70.56,August,Saturday,0 days 00:33:38,33.63333333333333,263 132,19.095,36.016666666666666,0
238,10521,22109200,2,2017-03-17 19:21:27,2017-03-17 20:09:21,1,19.32,2,N,141,132,1,52.0,4.5,0.5,12.57,5.54,0.3,75.41,March,Friday,0 days 00:47:54,47.9,141 132,19.41,62.258333333333326,1
239,10532,45806119,1,2017-05-28 14:15:21,2017-05-28 15:11:37,1,18.8,2,N,161,132,1,52.0,0.0,0.5,10.0,0.0,0.3,62.8,May,Sunday,0 days 00:56:16,56.266666666666666,161 132,17.1625,56.55,0
224,9980,56131491,2,2017-06-10 10:56:37,2017-06-10 11:53:14,1,18.97,2,N,132,50,1,52.0,0.0,0.5,11.71,5.76,0.3,70.27,June,Saturday,0 days 00:56:37,56.61666666666667,132 50,18.735,50.141666666666666,0
225,9992,24746671,1,2017-03-24 22:26:01,2017-03-24 22:51:46,1,18.8,2,N,132,263,1,52.0,0.0,0.5,5.44,5.76,0.3,64.0,March,Friday,0 days 00:25:45,25.75,132 263,19.21,39.97666666666667,0
226,10013,75789534,2,2017-09-09 15:33:39,2017-09-09 16:25:35,1,18.79,2,N,264,264,1,52.0,0.0,0.5,11.71,5.76,0.3,70.27,September,Saturday,0 days 00:51:56,51.93333333333333,264 264,3.1791512915129148,15.577552275522754,0
227,10032,108742271,2,2017-12-22 19:15:06,2017-12-22 20:02:13,2,22.09,2,N,13,132,1,52.0,4.5,0.5,7.0,5.76,0.3,70.06,December,Friday,0 days 00:47:07,47.11666666666667,13 132,24.505,53.81666666666666,1
228,10038,85384189,2,2017-10-10 23:54:50,2017-10-11 00:18:38,1,17.07,2,N,132,170,1,52.0,0.0,0.5,11.71,5.76,0.3,70.27,October,Tuesday,0 days 00:23:48,23.8,132 170,17.203,37.11333333333333,0
229,10044,2923416,2,2017-01-11 17:31:08,2017-01-11 18:30:26,2,16.27,2,N,107,132,1,52.0,4.5,0.5,10.0,5.54,0.3,72.84,January,Wednesday,0 days 00:59:18,59.3,107 132,16.755,50.75416666666666,1
230,10123,44270624,2,2017-05-23 14:41:15,2017-05-23 15:17:08,1,8.53,2,N,170,138,1,52.0,0.0,0.5,12.0,5.76,0.3,70.56,May,Tuesday,0 days 00:35:53,35.88333333333333,170 138,9.419230769230769,25.17948717948718,0
231,10175,74975103,2,2017-09-07 06:05:22,2017-09-07 06:49:22,1,18.55,2,N,132,230,2,52.0,0.0,0.5,0.0,5.76,0.3,58.56,September,Thursday,0 days 00:44:00,44.0,132 230,18.5712,59.59533333333333,1
280,12585,99876921,1,2017-11-25 18:36:43,2017-11-25 19:13:03,1,17.6,2,N,132,148,1,52.0,0.0,0.5,10.55,0.0,0.3,63.35,November,Saturday,0 days 00:36:20,36.333333333333336,132 148,17.994285714285716,46.34047619047619,0
281,12611,59588342,2,2017-07-13 11:34:27,2017-07-13 12:44:15,5,18.44,2,N,132,48,1,52.0,0.0,0.5,11.71,5.76,0.3,70.27,July,Thursday,0 days 01:09:48,69.8,132 48,18.761904761904763,58.24444444444444,0
282,12614,15230231,2,2017-02-25 17:06:15,2017-02-25 17:58:55,1,22.8,2,N,132,164,1,52.0,0.0,0.5,5.0,5.54,0.3,63.34,February,Saturday,0 days 00:52:40,52.666666666666664,132 164,18.7575,59.56041666666667,0
283,12662,34814036,2,2017-04-27 05:57:36,2017-04-27 06:26:06,1,19.51,2,N,236,132,1,52.0,0.0,0.5,11.71,5.76,0.3,70.27,April,Thursday,0 days 00:28:30,28.5,236 132,19.21166666666667,40.49444444444444,0
284,12811,40842034,1,2017-05-20 01:30:01,2017-05-20 01:58:57,1,18.1,2,N,132,113,1,52.0,0.0,0.5,11.7,5.76,0.3,70.26,May,Saturday,0 days 00:28:56,28.933333333333334,132 113,18.302,40.70666666666666,0
285,12833,93446721,1,2017-11-04 19:28:33,2017-11-04 19:28:40,1,1.9,2,N,132,132,1,52.0,0.0,0.5,10.55,0.0,0.3,63.35,November,Saturday,0 days 00:00:07,0.11666666666666667,132 132,3.848235294117647,4.954901960784314,0
286,12869,86801431,2,2017-10-15 07:04:13,2017-10-15 07:37:15,2,19.34,2,N,238,132,1,52.0,0.0,0.5,8.78,5.76,0.3,67.34,October,Sunday,0 days 00:33:02,33.03333333333333,238 132,19.47,53.86111111111111,0
287,12950,27709861,1,2017-04-04 10:26:23,2017-04-04 10:52:55,1,16.7,2,N,148,132,1,52.0,0.0,0.5,10.55,0.0,0.3,63.35,April,Tuesday,0 days 00:26:32,26.533333333333335,148 132,16.7,26.533333333333335,0
272,12052,19410385,1,2017-03-08 07:57:49,2017-03-08 08:59:26,1,20.4,2,N,239,132,1,52.0,0.0,0.5,11.65,5.54,0.3,69.99,March,Wednesday,0 days 01:01:37,61.61666666666667,239 132,19.795,50.5625,1
273,12236,38429762,1,2017-05-06 00:35:44,2017-05-06 01:16:40,1,19.0,2,N,132,230,1,52.0,0.0,0.5,0.0,0.0,0.3,52.8,May,Saturday,0 days 00:40:56,40.93333333333333,132 230,18.5712,59.59533333333333,0
274,12258,22136484,2,2017-03-17 20:35:41,2017-03-17 21:13:25,1,17.03,2,N,132,137,2,52.0,0.0,0.5,0.0,5.54,0.3,58.34,March,Friday,0 days 00:37:44,37.733333333333334,132 137,16.720000000000002,29.200000000000003,0
275,12321,31552668,1,2017-04-18 08:22:54,2017-04-18 09:15:35,1,19.3,2,N,132,236,1,52.0,0.0,0.5,11.7,5.76,0.3,70.26,April,Tuesday,0 days 00:52:41,52.68333333333333,132 236,19.491666666666667,50.24722222222223,1
276,12354,56719111,2,2017-07-02 08:25:19,2017-07-02 08:56:33,1,19.55,2,N,132,151,1,52.0,0.0,0.5,11.71,5.76,0.3,70.27,July,Sunday,0 days 00:31:14,31.233333333333334,132 151,19.834,48.53333333333334,0
277,12388,57083271,2,2017-07-04 01:23:18,2017-07-04 01:46:13,1,16.49,2,N,132,233,1,52.0,0.0,0.5,14.64,5.76,0.3,73.2,July,Tuesday,0 days 00:22:55,22.916666666666668,132 233,17.86,43.57666666666667,0
278,12422,56830698,1,2017-07-02 19:51:45,2017-07-02 20:32:27,1,16.1,2,N,132,229,3,52.0,0.0,0.5,0.0,0.0,0.3,52.8,July,Sunday,0 days 00:40:42,40.7,132 229,18.49,47.61388888888889,0
279,12583,70495259,1,2017-08-20 20:13:43,2017-08-20 20:57:40,1,19.9,2,N,132,244,1,52.0,0.0,0.5,11.7,5.76,0.3,70.26,August,Sunday,0 days 00:43:57,43.95,132 244,19.9,43.95,0
264,11791,30435189,1,2017-04-14 19:08:37,2017-04-14 19:39:44,2,17.1,2,N,79,132,1,52.0,4.5,0.5,6.0,5.76,0.3,69.06,April,Friday,0 days 00:31:07,31.116666666666667,79 132,16.9675,47.020833333333336,1
265,11809,55905437,2,2017-06-09 05:27:32,2017-06-09 05:53:03,5,15.27,2,N,164,132,1,52.0,0.0,0.5,9.5,5.76,0.3,68.06,June,Friday,0 days 00:25:31,25.516666666666666,164 132,16.44333333333333,39.916666666666664,0
266,11817,104883628,1,2017-12-11 10:30:57,2017-12-11 11:20:14,2,9.6,2,N,93,48,2,52.0,0.0,0.5,0.0,8.0,0.3,60.8,December,Monday,0 days 00:49:17,49.28333333333333,93 48,9.6,49.28333333333333,0
267,11896,7683516,1,2017-02-02 16:07:52,2017-02-02 17:21:04,1,17.8,2,N,68,132,2,52.0,4.5,0.5,0.0,5.54,0.3,62.84,February,Thursday,0 days 01:13:12,73.2,68 132,18.785,58.03333333333333,1
268,11902,72398643,2,2017-08-28 03:44:41,2017-08-28 04:13:35,2,19.45,2,N,142,132,1,52.0,0.0,0.5,20.0,5.76,0.3,78.56,August,Monday,0 days 00:28:54,28.9,142 132,20.77,48.949999999999996,0
269,11963,111672831,1,2017-01-16 16:05:26,2017-01-16 17:03:33,1,18.7,2,N,132,211,1,52.0,0.0,0.5,10.55,0.0,0.3,63.35,January,Monday,0 days 00:58:07,58.11666666666667,132 211,18.91,45.61666666666667,1
270,12000,66735979,1,2017-08-07 01:58:16,2017-08-07 02:25:30,3,17.0,2,N,132,170,2,52.0,0.0,0.5,0.0,5.76,0.3,58.56,August,Monday,0 days 00:27:14,27.233333333333334,132 170,17.203,37.11333333333333,0
271,12023,74344265,2,2017-09-04 22:06:59,2017-09-04 22:34:44,2,12.61,2,N,93,87,1,52.0,0.0,0.5,11.71,5.76,0.3,70.27,September,Monday,0 days 00:27:45,27.75,93 87,12.61,27.75,0
256,11416,90037208,1,2017-10-25 14:46:58,2017-10-25 15:41:13,1,16.6,2,N,132,162,2,52.0,0.0,0.5,0.0,5.76,0.3,58.56,October,Wednesday,0 days 00:54:15,54.25,132 162,17.082857142857144,43.996428571428574,0
257,11469,64010293,2,2017-07-28 10:06:03,2017-07-28 10:39:21,1,16.82,2,N,132,162,1,52.0,0.0,0.5,5.0,5.76,0.3,63.56,July,Friday,0 days 00:33:18,33.3,132 162,17.082857142857144,43.996428571428574,0
258,11542,49407526,1,2017-06-09 15:25:48,2017-06-09 17:24:40,2,24.2,2,N,132,114,1,52.0,0.0,0.5,20.0,5.76,0.3,78.56,June,Friday,0 days 01:58:52,88.74999999999999,132 114,21.73,69.35833333333332,0
259,11583,38330406,1,2017-05-05 19:48:42,2017-05-05 20:21:08,2,19.4,2,N,132,262,1,52.0,4.5,0.5,12.6,5.76,0.3,75.66,May,Friday,0 days 00:32:26,32.43333333333333,132 262,19.165,49.93125,1
260,11623,88852550,2,2017-10-21 15:59:12,2017-10-21 16:53:03,1,22.64,2,N,233,132,1,52.0,0.0,0.5,11.71,5.76,0.3,70.27,October,Saturday,0 days 00:53:51,53.85,233 132,17.40888888888889,58.47962962962962,0
261,11673,24059634,2,2017-03-23 00:26:57,2017-03-23 00:57:14,2,21.72,2,N,132,13,1,52.0,0.0,0.5,14.64,5.76,0.3,73.2,March,Thursday,0 days 00:30:17,30.283333333333335,132 13,20.86,51.33888888888888,0
262,11680,61871649,1,2017-07-20 23:52:58,2017-07-21 00:22:11,2,17.1,2,N,132,161,3,52.0,0.0,0.5,0.0,5.76,0.3,58.56,July,Thursday,0 days 00:29:13,29.216666666666665,132 161,18.601666666666667,46.481944444444444,0
263,11788,12455890,2,2017-02-16 23:04:33,2017-02-16 23:38:35,2,17.57,2,N,79,132,1,52.0,0.0,0.5,10.56,0.0,0.3,63.36,February,Thursday,0 days 00:34:02,34.03333333333333,79 132,16.9675,47.020833333333336,0
312,13965,78424402,1,2017-09-17 21:35:31,2017-09-17 22:07:13,1,16.8,2,N,132,74,1,52.0,0.0,0.5,3.0,5.76,0.3,61.56,September,Sunday,0 days 00:31:42,31.7,132 74,17.25,37.3,0
313,13978,27381778,1,2017-04-03 09:56:57,2017-04-03 09:57:18,1,11.9,2,N,132,132,1,52.0,0.0,0.5,0.0,5.76,0.3,58.56,April,Monday,0 days 00:00:21,0.35,132 132,3.848235294117647,4.954901960784314,1
314,13983,27845938,1,2017-04-04 18:22:33,2017-04-04 19:00:04,1,17.4,2,N,132,162,1,52.0,4.5,0.5,12.6,5.76,0.3,75.66,April,Tuesday,0 days 00:37:31,37.516666666666666,132 162,17.082857142857144,43.996428571428574,1
315,14073,60537882,2,2017-07-16 15:51:20,2017-07-16 17:01:47,1,18.2,2,N,132,230,2,52.0,0.0,0.5,0.0,5.76,0.3,58.56,July,Sunday,0 days 01:10:27,70.45,132 230,18.5712,59.59533333333333,0
316,14092,52055411,2,2017-06-19 14:12:02,2017-06-19 15:02:42,2,16.73,2,N,161,132,1,52.0,0.0,0.5,0.0,5.76,0.3,58.56,June,Monday,0 days 00:50:40,50.666666666666664,161 132,17.1625,56.55,0
317,14150,28643013,1,2017-04-06 22:14:08,2017-04-06 23:03:51,3,19.7,2,N,132,262,1,52.0,0.0,0.5,11.7,5.76,0.3,70.26,April,Thursday,0 days 00:49:43,49.71666666666667,132 262,19.165,49.93125,0
318,14187,85483677,2,2017-10-11 10:40:40,2017-10-11 10:44:20,1,0.44,2,N,90,158,1,52.0,0.0,0.5,14.64,5.76,0.3,73.2,October,Wednesday,0 days 00:03:40,3.6666666666666665,90 158,0.9638461538461538,7.208974358974359,0
319,14229,78649138,2,2017-09-18 19:09:00,2017-09-18 19:59:44,1,17.65,2,N,132,230,2,52.0,4.5,0.5,0.0,0.0,0.3,57.3,September,Monday,0 days 00:50:44,50.733333333333334,132 230,18.5712,59.59533333333333,1
304,13708,74217324,1,2017-09-04 12:21:03,2017-09-04 12:52:54,2,18.7,2,N,132,79,4,52.0,0.0,0.5,0.0,0.0,0.3,52.8,September,Monday,0 days 00:31:51,31.85,132 79,19.43166666666667,47.275,0
305,13711,24632358,1,2017-03-24 16:23:46,2017-03-24 17:40:23,1,19.5,2,N,141,132,1,52.0,4.5,0.5,15.75,5.76,0.3,78.81,March,Friday,0 days 01:16:37,76.61666666666666,141 132,19.41,62.258333333333326,1
306,13719,66158440,2,2017-08-04 19:32:44,2017-08-04 20:24:03,1,17.64,2,N,132,230,2,52.0,4.5,0.5,0.0,5.76,0.3,63.06,August,Friday,0 days 00:51:19,51.31666666666667,132 230,18.5712,59.59533333333333,1
307,13763,41132908,2,2017-05-08 19:15:49,2017-05-08 19:54:05,1,19.14,2,N,132,24,1,52.0,4.5,0.5,12.61,5.76,0.3,75.67,May,Monday,0 days 00:38:16,38.266666666666666,132 24,19.14,38.266666666666666,1
308,13816,34236425,1,2017-04-25 14:47:58,2017-04-25 15:54:34,1,25.4,2,N,142,132,1,52.0,0.0,0.5,11.7,5.76,0.3,70.26,April,Tuesday,0 days 01:06:36,66.6,142 132,20.77,48.949999999999996,0
309,13864,112693325,2,2017-01-06 06:35:11,2017-01-06 07:21:15,1,16.75,2,N,132,162,1,52.0,0.0,0.5,7.5,5.54,0.3,65.84,January,Friday,0 days 00:46:04,46.06666666666667,132 162,17.082857142857144,43.996428571428574,1
310,13867,11812224,1,2017-02-15 08:05:52,2017-02-15 08:39:28,2,18.7,2,N,140,132,1,52.0,0.0,0.5,0.0,5.54,0.3,58.34,February,Wednesday,0 days 00:33:36,33.6,140 132,18.7,33.6,1
311,13947,103326168,1,2017-12-06 19:25:05,2017-12-06 20:08:25,4,18.6,2,N,264,264,2,52.0,4.5,0.5,0.0,5.76,0.3,63.06,December,Wednesday,0 days 00:43:20,43.333333333333336,264 264,3.1791512915129148,15.577552275522754,1
296,13266,103598753,2,2017-12-07 15:26:25,2017-12-07 16:53:23,3,19.02,2,N,132,230,2,52.0,0.0,0.5,0.0,5.76,0.3,58.56,December,Thursday,0 days 01:26:58,86.96666666666667,132 230,18.5712,59.59533333333333,0
297,13352,102937480,2,2017-12-05 17:14:50,2017-12-05 18:24:00,2,17.1,2,N,132,186,1,52.0,4.5,0.5,12.61,5.76,0.3,75.67,December,Tuesday,0 days 01:09:10,69.16666666666667,132 186,18.375,56.43611111111111,1
298,13434,27940629,1,2017-04-04 23:00:02,2017-04-04 23:02:36,1,0.2,2,N,237,162,1,52.0,0.0,0.5,11.7,5.76,0.3,70.26,April,Tuesday,0 days 00:02:34,2.566666666666667,237 162,1.0392063492063492,8.184126984126985,0
299,13457,75829230,1,2017-09-09 18:23:40,2017-09-09 19:07:32,1,17.6,2,N,132,107,1,52.0,0.0,0.5,3.0,5.76,0.3,61.56,September,Saturday,0 days 00:43:52,43.86666666666667,132 107,17.561666666666667,50.455555555555556,0
300,13485,29739501,1,2017-04-09 23:41:30,2017-04-10 00:14:33,1,22.3,2,N,264,264,1,52.0,0.0,0.5,13.0,5.76,0.3,71.56,April,Sunday,0 days 00:33:03,33.05,264 264,3.1791512915129148,15.577552275522754,0
301,13499,88029022,1,2017-10-19 07:10:08,2017-10-19 08:32:39,1,20.4,2,N,132,79,1,52.0,0.0,0.5,10.55,0.0,0.3,63.35,October,Thursday,0 days 01:22:31,82.51666666666667,132 79,19.43166666666667,47.275,1
302,13601,19245718,2,2017-03-07 18:37:14,2017-03-07 19:27:27,1,17.41,2,N,170,132,1,52.0,4.5,0.5,12.57,5.54,0.3,75.41,March,Tuesday,0 days 00:50:13,50.21666666666667,170 132,16.095,43.40625,1
303,13623,38887114,1,2017-05-07 10:01:33,2017-05-07 10:31:13,1,19.5,2,N,236,132,1,52.0,0.0,0.5,10.0,5.76,0.3,68.56,May,Sunday,0 days 00:29:40,29.666666666666668,236 132,19.21166666666667,40.49444444444444,0
288,12984,83055965,1,2017-10-03 13:27:44,2017-10-03 14:16:35,1,20.5,2,N,132,237,1,52.0,0.0,0.5,2.0,5.76,0.3,60.56,October,Tuesday,0 days 00:48:51,48.85,132 237,19.540000000000003,56.47222222222223,0
289,13007,41869272,1,2017-05-10 20:18:32,2017-05-10 21:02:14,1,17.9,2,N,132,48,2,52.0,0.0,0.5,0.0,5.76,0.3,58.56,May,Wednesday,0 days 00:43:42,43.7,132 48,18.761904761904763,58.24444444444444,0
290,13018,4690048,1,2017-01-24 23:39:20,2017-01-25 00:05:33,1,17.4,2,N,132,161,2,52.0,0.0,0.5,0.0,5.54,0.3,58.34,January,Tuesday,0 days 00:26:13,26.216666666666665,132 161,18.601666666666667,46.481944444444444,0
291,13073,57044681,1,2017-07-03 21:31:30,2017-07-03 22:11:31,2,17.7,2,N,132,48,2,52.0,0.0,0.5,0.0,5.76,0.3,58.56,July,Monday,0 days 00:40:01,40.016666666666666,132 48,18.761904761904763,58.24444444444444,0
292,13098,75140284,2,2017-09-07 16:42:39,2017-09-07 17:42:38,1,17.57,2,N,132,107,2,52.0,4.5,0.5,0.0,5.76,0.3,63.06,September,Thursday,0 days 00:59:59,59.983333333333334,132 107,17.561666666666667,50.455555555555556,1
293,13177,38719064,2,2017-05-06 20:30:39,2017-05-06 21:31:16,3,18.57,2,N,132,4,1,52.0,0.0,0.5,14.64,5.76,0.3,73.2,May,Saturday,0 days 01:00:37,60.61666666666667,132 4,18.59,57.05555555555555,0
294,13181,39601162,2,2017-05-16 18:42:09,2017-05-16 19:31:57,1,15.11,2,N,163,132,1,52.0,4.5,0.5,11.46,0.0,0.3,68.76,May,Tuesday,0 days 00:49:48,49.8,163 132,17.275833333333335,52.33611111111111,1
295,13197,80607673,2,2017-09-25 13:53:31,2017-09-25 14:50:33,1,18.17,2,N,132,230,2,52.0,0.0,0.5,0.0,5.76,0.3,58.56,September,Monday,0 days 00:57:02,57.03333333333333,132 230,18.5712,59.59533333333333,0
344,15025,94256173,1,2017-11-07 14:53:34,2017-11-07 15:41:31,1,15.3,2,N,170,132,1,52.0,0.0,0.5,11.7,5.76,0.3,70.26,November,Tuesday,0 days 00:47:57,47.95,170 132,16.095,43.40625,0
345,15087,70096299,1,2017-08-19 09:18:38,2017-08-19 10:02:18,1,18.5,2,N,132,50,2,52.0,0.0,0.5,0.0,5.76,0.3,58.56,August,Saturday,0 days 00:43:40,43.666666666666664,132 50,18.735,50.141666666666666,0
346,15109,103600393,1,2017-12-07 15:35:25,2017-12-07 16:40:30,1,14.2,2,N,164,132,1,52.0,0.0,0.5,20.0,5.76,0.3,78.56,December,Thursday,0 days 01:05:05,65.08333333333333,164 132,16.44333333333333,39.916666666666664,0
347,15147,26354888,2,2017-03-31 10:22:17,2017-03-31 11:06:50,1,17.38,2,N,230,132,2,52.0,0.0,0.5,0.0,5.76,0.3,58.56,March,Friday,0 days 00:44:33,44.55,230 132,18.14875,56.849999999999994,0
348,15148,88528056,1,2017-10-20 17:46:59,2017-10-20 18:56:56,2,16.6,2,N,264,264,1,52.0,4.5,0.5,12.6,5.76,0.3,75.66,October,Friday,0 days 01:09:57,69.95,264 264,3.1791512915129148,15.577552275522754,1
349,15171,31745256,2,2017-04-18 18:45:15,2017-04-18 19:21:15,2,18.08,2,N,132,144,1,52.0,4.5,0.5,14.32,0.0,0.3,71.62,April,Tuesday,0 days 00:36:00,36.0,132 144,18.537499999999998,37.0,1
350,15193,11784141,2,2017-02-15 06:10:43,2017-02-15 06:56:56,5,16.53,2,N,132,162,1,52.0,0.0,0.5,11.67,5.54,0.3,70.01,February,Wednesday,0 days 00:46:13,46.21666666666667,132 162,17.082857142857144,43.996428571428574,1
351,15194,30078123,2,2017-04-13 20:05:21,2017-04-13 21:02:55,1,18.78,2,N,132,125,1,52.0,0.0,0.5,10.56,0.0,0.3,63.36,April,Thursday,0 days 00:57:34,57.56666666666667,132 125,18.736666666666668,53.12222222222223,0
336,14736,76092147,1,2017-09-10 14:48:24,2017-09-10 16:11:11,1,19.8,2,N,132,48,1,52.0,0.0,0.5,13.0,0.0,0.3,65.8,September,Sunday,0 days 01:22:47,82.78333333333333,132 48,18.761904761904763,58.24444444444444,0
337,14816,46630636,2,2017-05-31 16:34:56,2017-05-31 17:27:35,1,18.47,2,N,132,148,1,52.0,4.5,0.5,11.46,0.0,0.3,68.76,May,Wednesday,0 days 00:52:39,52.65,132 148,17.994285714285716,46.34047619047619,1
338,14864,111695894,2,2017-01-16 17:31:49,2017-01-16 18:28:18,1,16.67,2,N,229,132,2,52.0,0.0,0.5,0.0,0.0,0.3,52.8,January,Monday,0 days 00:56:29,56.483333333333334,229 132,16.683333333333334,46.040740740740745,1
339,14868,10808321,2,2017-02-13 22:28:12,2017-02-13 22:58:34,3,18.92,2,N,132,87,1,52.0,0.0,0.5,10.56,0.0,0.3,63.36,February,Monday,0 days 00:30:22,30.366666666666667,132 87,19.96,50.68611111111111,0
340,14935,16928685,2,2017-03-01 17:22:07,2017-03-01 18:12:01,1,18.13,2,N,132,113,1,52.0,4.5,0.5,12.57,5.54,0.3,75.41,March,Wednesday,0 days 00:49:54,49.9,132 113,18.302,40.70666666666666,1
341,14940,45368726,1,2017-05-26 20:14:46,2017-05-26 20:52:10,4,17.2,2,N,170,132,2,52.0,0.0,0.5,0.0,5.76,0.3,58.56,May,Friday,0 days 00:37:24,37.4,170 132,16.095,43.40625,0
342,15004,80049293,2,2017-09-23 15:45:26,2017-09-23 16:03:39,1,3.45,2,N,48,145,1,52.0,0.0,0.5,10.56,0.0,0.3,63.36,September,Saturday,0 days 00:18:13,18.216666666666665,48 145,4.323333333333333,23.099999999999998,0
343,15014,88871412,1,2017-10-21 17:19:33,2017-10-21 18:27:15,1,17.5,2,N,132,170,1,52.0,0.0,0.5,12.0,5.76,0.3,70.56,October,Saturday,0 days 01:07:42,67.7,132 170,17.203,37.11333333333333,0
328,14465,45229315,1,2017-05-26 11:15:45,2017-05-26 12:04:06,4,20.0,2,N,239,132,1,52.0,0.0,0.5,12.44,5.76,0.3,71.0,May,Friday,0 days 00:48:21,48.35,239 132,19.795,50.5625,0
329,14471,95001979,2,2017-11-09 18:34:44,2017-11-09 19:35:05,1,19.17,2,N,132,68,2,52.0,4.5,0.5,0.0,8.4,0.3,65.7,November,Thursday,0 days 01:00:21,60.35,132 68,18.7975,52.545833333333334,1
330,14506,63415177,2,2017-07-26 13:59:59,2017-07-26 14:46:05,2,22.05,2,N,132,261,1,52.0,0.0,0.5,11.71,5.76,0.3,70.27,July,Wednesday,0 days 00:46:06,46.1,132 261,22.115000000000002,51.49375,0
331,14532,80353677,2,2017-09-24 14:00:12,2017-09-24 15:05:21,1,22.73,2,N,132,186,1,52.0,0.0,0.5,11.71,5.76,0.3,70.27,September,Sunday,0 days 01:05:09,65.15,132 186,18.375,56.43611111111111,0
332,14553,98530818,2,2017-11-20 14:35:46,2017-11-20 15:52:40,2,17.62,2,N,132,48,2,52.0,0.0,0.5,0.0,5.76,0.3,58.56,November,Monday,0 days 01:16:54,76.9,132 48,18.761904761904763,58.24444444444444,0
333,14615,90065488,1,2017-10-25 16:51:28,2017-10-25 17:48:45,1,17.9,2,N,132,107,1,52.0,4.5,0.5,15.75,5.76,0.3,78.81,October,Wednesday,0 days 00:57:17,57.28333333333333,132 107,17.561666666666667,50.455555555555556,1
334,14618,10333002,2,2017-02-14 16:16:49,2017-02-14 17:28:59,1,15.73,2,N,231,132,2,52.0,4.5,0.5,0.0,0.0,0.3,57.3,February,Tuesday,0 days 01:12:10,72.16666666666667,231 132,17.02,54.72916666666667,1
335,14704,109474580,1,2017-12-26 10:21:40,2017-12-26 10:59:48,2,17.9,2,N,132,186,2,52.0,0.0,0.5,0.0,5.76,0.3,58.56,December,Tuesday,0 days 00:38:08,38.13333333333333,132 186,18.375,56.43611111111111,0
320,14264,27246834,1,2017-04-02 19:11:46,2017-04-02 20:03:08,1,17.0,2,N,132,141,1,52.0,0.0,0.5,10.55,0.0,0.3,63.35,April,Sunday,0 days 00:51:22,51.36666666666667,132 141,19.14,50.39722222222222,0
321,14312,96121347,2,2017-11-13 06:05:54,2017-11-13 06:45:05,1,18.21,2,N,43,132,1,52.0,0.0,0.5,11.71,5.76,0.3,70.27,November,Monday,0 days 00:39:11,39.18333333333333,43 132,18.6575,41.27916666666667,1
322,14314,24863599,1,2017-03-25 08:11:27,2017-03-25 08:49:10,1,22.1,2,N,132,142,1,52.0,0.0,0.5,11.7,5.76,0.3,70.26,March,Saturday,0 days 00:37:43,37.71666666666667,132 142,20.406666666666666,50.36666666666667,0
323,14340,97118918,1,2017-11-16 08:07:32,2017-11-16 08:54:53,3,16.9,2,N,170,132,1,52.0,0.0,0.5,11.7,5.76,0.3,70.26,November,Thursday,0 days 00:47:21,47.35,170 132,16.095,43.40625,1
324,14386,89926643,1,2017-10-25 08:19:20,2017-10-25 09:27:06,1,17.9,2,N,132,161,1,52.0,0.0,0.5,10.0,5.76,0.3,68.56,October,Wednesday,0 days 01:07:46,67.76666666666667,132 161,18.601666666666667,46.481944444444444,1
325,14406,40065736,2,2017-05-17 23:24:05,2017-05-17 23:57:45,1,18.7,2,N,132,163,2,52.0,0.0,0.5,0.0,5.76,0.3,58.56,May,Wednesday,0 days 00:33:40,33.666666666666664,132 163,19.229,52.94166666666666,0
326,14413,92435973,2,2017-11-01 21:30:09,2017-11-01 21:30:16,1,0.44,2,N,141,162,1,52.0,0.0,0.5,13.2,0.0,0.3,66.0,November,Wednesday,0 days 00:00:07,0.11666666666666667,141 162,1.142121212121212,8.622222222222222,0
327,14437,108541961,2,2017-12-22 06:11:35,2017-12-22 06:50:56,2,18.78,2,N,263,132,1,52.0,0.0,0.5,17.57,5.76,0.3,78.08,December,Friday,0 days 00:39:21,39.35,263 132,19.095,36.016666666666666,1
376,16454,64777500,2,2017-07-31 06:06:12,2017-07-31 06:29:42,2,16.19,2,N,229,132,1,52.0,0.0,0.5,11.71,5.76,0.3,70.27,July,Monday,0 days 00:23:30,23.5,229 132,16.683333333333334,46.040740740740745,1
377,16468,51414132,2,2017-06-17 17:02:25,2017-06-17 17:56:58,2,21.38,2,N,132,161,2,52.0,0.0,0.5,0.0,5.76,0.3,58.56,June,Saturday,0 days 00:54:33,54.55,132 161,18.601666666666667,46.481944444444444,0
378,16602,18915623,1,2017-03-06 18:15:54,2017-03-06 18:44:47,1,17.1,2,N,132,170,1,52.0,4.5,0.5,12.55,5.54,0.3,75.39,March,Monday,0 days 00:28:53,28.883333333333333,132 170,17.203,37.11333333333333,1
379,16642,21828902,1,2017-03-16 21:06:13,2017-03-16 21:56:48,1,22.4,2,N,132,239,2,52.0,0.0,0.5,0.0,5.54,0.3,58.34,March,Thursday,0 days 00:50:35,50.583333333333336,132 239,20.90125,44.8625,0
380,16769,77018219,2,2017-09-13 16:26:43,2017-09-13 16:39:32,5,5.77,2,N,258,132,1,52.0,4.5,0.5,12.88,5.76,0.3,75.94,September,Wednesday,0 days 00:12:49,12.816666666666666,258 132,5.77,12.816666666666666,1
381,17061,72107608,2,2017-08-26 20:21:18,2017-08-26 20:58:44,1,18.14,2,N,132,79,1,52.0,0.0,0.5,11.71,5.76,0.3,70.27,August,Saturday,0 days 00:37:26,37.43333333333333,132 79,19.43166666666667,47.275,0
382,17109,98941823,2,2017-11-21 20:13:24,2017-11-21 20:49:30,1,17.14,2,N,132,162,1,52.0,0.0,0.5,14.64,5.76,0.3,73.2,November,Tuesday,0 days 00:36:06,36.1,132 162,17.082857142857144,43.996428571428574,0
383,17124,18557511,2,2017-03-05 16:52:34,2017-03-05 17:50:14,3,17.51,2,N,132,234,1,52.0,0.0,0.5,11.67,5.54,0.3,70.01,March,Sunday,0 days 00:57:40,57.666666666666664,132 234,17.654,49.833333333333336,0
368,16019,37755737,2,2017-05-04 08:20:44,2017-05-04 09:37:26,1,16.57,2,N,132,48,1,52.0,0.0,0.5,11.71,5.76,0.3,70.27,May,Thursday,0 days 01:16:42,76.7,132 48,18.761904761904763,58.24444444444444,1
369,16065,71949132,2,2017-08-26 05:36:06,2017-08-26 06:12:32,2,22.1,2,N,132,243,2,52.0,0.0,0.5,0.0,5.76,0.3,58.56,August,Saturday,0 days 00:36:26,36.43333333333333,132 243,22.1,36.43333333333333,0
370,16134,35196066,2,2017-04-10 00:34:18,2017-04-10 01:05:24,1,17.55,2,N,132,113,1,52.0,0.0,0.5,8.5,5.76,0.3,67.06,April,Monday,0 days 00:31:06,31.1,132 113,18.302,40.70666666666666,0
371,16170,84488609,1,2017-10-07 21:46:56,2017-10-07 22:40:30,2,19.4,2,N,132,249,2,52.0,0.0,0.5,0.0,5.76,0.3,58.56,October,Saturday,0 days 00:53:34,53.56666666666667,132 249,18.7325,48.11666666666667,0
372,16343,98237800,1,2017-11-19 13:54:55,2017-11-19 14:54:37,2,19.7,2,N,132,68,2,52.0,0.0,0.5,0.0,0.0,0.3,52.8,November,Sunday,0 days 00:59:42,59.7,132 68,18.7975,52.545833333333334,0
373,16374,82786992,2,2017-10-02 14:18:42,2017-10-02 15:24:28,1,17.34,2,N,230,132,1,52.0,0.0,0.5,11.71,5.76,0.3,70.27,October,Monday,0 days 01:05:46,65.76666666666667,230 132,18.14875,56.849999999999994,0
374,16403,76874564,1,2017-09-13 07:52:06,2017-09-13 08:46:58,1,19.3,2,N,151,132,1,52.0,0.0,0.5,11.7,5.76,0.3,70.26,September,Wednesday,0 days 00:54:52,54.86666666666667,151 132,19.3,54.86666666666667,1
375,16405,102340765,1,2017-12-03 16:07:07,2017-12-03 17:56:38,1,17.8,2,N,132,230,1,52.0,0.0,0.5,11.7,5.76,0.3,70.26,December,Sunday,0 days 01:49:31,88.74999999999999,132 230,18.5712,59.59533333333333,0
360,15552,101171796,2,2017-11-30 09:52:47,2017-11-30 10:46:43,1,17.04,2,N,132,162,1,52.0,0.0,0.5,6.0,5.76,0.3,64.56,November,Thursday,0 days 00:53:56,53.93333333333333,132 162,17.082857142857144,43.996428571428574,1
361,15601,12661690,2,2017-02-17 15:26:41,2017-02-17 15:58:59,1,4.27,2,N,226,48,1,52.0,0.0,0.5,0.0,5.54,0.3,58.34,February,Friday,0 days 00:32:18,32.3,226 48,4.27,32.3,0
362,15608,88840523,2,2017-10-21 15:02:13,2017-10-21 15:57:54,1,18.64,2,N,142,132,2,52.0,0.0,0.5,0.0,5.76,0.3,58.56,October,Saturday,0 days 00:55:41,55.68333333333333,142 132,20.77,48.949999999999996,0
363,15613,60591019,2,2017-07-16 19:43:28,2017-07-16 20:38:36,6,18.76,2,N,132,4,1,52.0,0.0,0.5,2.0,0.0,0.3,54.8,July,Sunday,0 days 00:55:08,55.13333333333333,132 4,18.59,57.05555555555555,0
364,15619,56104612,2,2017-06-10 04:57:10,2017-06-10 05:24:46,5,17.53,2,N,163,132,2,52.0,0.0,0.5,0.0,0.0,0.3,52.8,June,Saturday,0 days 00:27:36,27.6,163 132,17.275833333333335,52.33611111111111,0
365,15781,58656147,2,2017-07-10 10:43:44,2017-07-10 11:33:03,3,17.32,2,N,132,230,2,52.0,0.0,0.5,0.0,5.76,0.3,58.56,July,Monday,0 days 00:49:19,49.31666666666667,132 230,18.5712,59.59533333333333,0
366,15889,33147412,2,2017-04-22 11:04:29,2017-04-22 11:53:00,1,19.91,2,N,132,236,2,52.0,0.0,0.5,0.0,5.76,0.3,58.56,April,Saturday,0 days 00:48:31,48.516666666666666,132 236,19.491666666666667,50.24722222222223,0
367,15996,33599931,2,2017-04-23 15:43:18,2017-04-23 16:52:45,6,23.53,2,N,132,164,1,52.0,0.0,0.5,11.71,5.76,0.3,70.27,April,Sunday,0 days 01:09:27,69.45,132 164,18.7575,59.56041666666667,0
352,15217,55052612,1,2017-06-30 17:25:16,2017-06-30 18:35:13,2,18.5,2,N,41,132,1,52.0,4.5,0.5,12.6,5.76,0.3,75.66,June,Friday,0 days 01:09:57,69.95,41 132,18.5,69.95,1
353,15331,103301472,1,2017-12-06 18:13:29,2017-12-06 19:10:17,2,17.4,2,N,132,162,2,52.0,4.5,0.5,0.0,5.76,0.3,63.06,December,Wednesday,0 days 00:56:48,56.8,132 162,17.082857142857144,43.996428571428574,1
354,15350,77309977,2,2017-09-14 13:44:44,2017-09-14 14:34:29,1,28.23,2,N,13,132,1,52.0,0.0,0.5,4.4,5.76,0.3,62.96,September,Thursday,0 days 00:49:45,49.75,13 132,24.505,53.81666666666666,0
355,15360,41046799,2,2017-05-08 15:04:33,2017-05-08 15:59:23,1,16.97,2,N,132,48,1,52.0,0.0,0.5,14.64,5.76,0.3,73.2,May,Monday,0 days 00:54:50,54.833333333333336,132 48,18.761904761904763,58.24444444444444,0
356,15432,101045843,2,2017-11-29 20:01:18,2017-11-29 20:40:54,1,18.49,2,N,132,249,1,52.0,0.0,0.5,11.71,5.76,0.3,70.27,November,Wednesday,0 days 00:39:36,39.6,132 249,18.7325,48.11666666666667,0
357,15460,49590745,2,2017-06-13 00:10:56,2017-06-13 00:54:53,1,17.12,2,N,163,132,2,52.0,0.0,0.5,0.0,0.0,0.3,52.8,June,Tuesday,0 days 00:43:57,43.95,163 132,17.275833333333335,52.33611111111111,0
358,15521,75710572,1,2017-09-09 10:56:36,2017-09-09 11:30:00,1,16.4,2,N,229,132,1,52.0,0.0,0.5,17.55,5.76,0.3,76.11,September,Saturday,0 days 00:33:24,33.4,229 132,16.683333333333334,46.040740740740745,0
359,15543,24998823,1,2017-03-27 08:08:53,2017-03-27 09:00:08,2,17.5,2,Y,79,132,1,52.0,0.0,0.5,0.0,5.76,0.3,58.56,March,Monday,0 days 00:51:15,51.25,79 132,16.9675,47.020833333333336,1
408,18474,5846436,1,2017-01-28 05:45:27,2017-01-28 06:17:55,1,20.5,2,N,132,239,1,52.0,0.0,0.5,14.55,5.54,0.3,72.89,January,Saturday,0 days 00:32:28,32.46666666666667,132 239,20.90125,44.8625,0
409,18487,94967978,1,2017-11-09 17:36:48,2017-11-09 18:59:02,2,21.3,2,N,132,261,1,52.0,4.5,0.5,3.0,5.76,0.3,66.06,November,Thursday,0 days 01:22:14,82.23333333333333,132 261,22.115000000000002,51.49375,1
410,18498,54438758,2,2017-06-26 13:14:42,2017-06-26 13:58:39,1,16.95,2,N,132,170,1,52.0,0.0,0.5,11.71,5.76,0.3,70.27,June,Monday,0 days 00:43:57,43.95,132 170,17.203,37.11333333333333,0
411,18555,35162511,1,2017-04-28 00:24:56,2017-04-28 01:01:42,1,19.2,2,N,132,90,2,52.0,0.0,0.5,0.0,5.76,0.3,58.56,April,Friday,0 days 00:36:46,36.766666666666666,132 90,18.666666666666668,43.62222222222223,0
412,18729,92710966,2,2017-11-02 18:07:51,2017-11-02 19:26:31,1,17.61,2,N,163,132,1,52.0,4.5,0.5,0.0,5.76,0.3,63.06,November,Thursday,0 days 01:18:40,78.66666666666667,163 132,17.275833333333335,52.33611111111111,1
413,18754,43912803,2,2017-05-22 18:30:36,2017-05-22 19:23:40,1,14.53,2,N,231,132,1,52.0,4.5,0.5,17.19,0.0,0.3,74.49,May,Monday,0 days 00:53:04,53.06666666666667,231 132,17.02,54.72916666666667,1
414,18954,105298930,1,2017-12-12 16:57:43,2017-12-12 18:34:34,3,16.3,2,N,229,132,1,52.0,4.5,0.5,11.45,0.0,0.3,68.75,December,Tuesday,0 days 01:36:51,88.74999999999999,229 132,16.683333333333334,46.040740740740745,1
415,18991,4091462,2,2017-01-23 09:32:07,2017-01-23 10:11:43,1,20.32,2,N,87,132,1,52.0,0.0,0.5,10.56,0.0,0.3,63.36,January,Monday,0 days 00:39:36,39.6,87 132,20.32,39.6,1
400,18054,27899311,1,2017-04-04 20:53:04,2017-04-04 21:23:07,1,18.0,2,N,132,148,1,52.0,0.0,0.5,4.5,0.0,0.3,57.3,April,Tuesday,0 days 00:30:03,30.05,132 148,17.994285714285716,46.34047619047619,0
401,18073,107044183,2,2017-12-17 13:56:16,2017-12-17 14:41:04,1,22.26,2,N,137,132,1,52.0,0.0,0.5,11.71,5.76,0.3,70.27,December,Sunday,0 days 00:44:48,44.8,137 132,22.26,44.8,0
402,18089,44975138,1,2017-05-25 16:13:08,2017-05-25 17:18:20,2,16.6,2,N,132,233,2,52.0,4.5,0.5,0.0,5.76,0.3,63.06,May,Thursday,0 days 01:05:12,65.2,132 233,17.86,43.57666666666667,1
403,18106,52878413,2,2017-06-21 21:55:40,2017-06-21 22:42:32,3,17.59,2,N,132,224,2,52.0,0.0,0.5,0.0,5.76,0.3,58.56,June,Wednesday,0 days 00:46:52,46.86666666666667,132 224,17.59,46.86666666666667,0
404,18223,113026242,1,2017-01-19 14:11:08,2017-01-19 14:56:48,1,19.7,2,N,132,166,1,52.0,0.0,0.5,2.0,5.54,0.3,60.34,January,Thursday,0 days 00:45:40,45.666666666666664,132 166,18.6,40.95,0
405,18260,110847369,1,2017-12-31 17:58:39,2017-12-31 18:35:03,4,19.2,2,N,231,132,2,52.0,0.0,0.5,0.0,0.0,0.3,52.8,December,Sunday,0 days 00:36:24,36.4,231 132,17.02,54.72916666666667,0
406,18406,6409455,1,2017-01-22 19:24:14,2017-01-22 19:57:21,1,19.9,2,N,263,132,1,52.0,0.0,0.5,5.0,5.54,0.3,63.34,January,Sunday,0 days 00:33:07,33.11666666666667,263 132,19.095,36.016666666666666,0
407,18466,21728806,1,2017-03-16 15:00:56,2017-03-16 16:12:28,1,16.8,2,N,230,132,1,52.0,0.0,0.5,11.65,5.54,0.3,69.99,March,Thursday,0 days 01:11:32,71.53333333333333,230 132,18.14875,56.849999999999994,0
392,17487,73373677,1,2017-08-31 19:52:30,2017-08-31 20:34:36,1,17.5,2,N,132,230,2,52.0,4.5,0.5,0.0,5.76,0.3,63.06,August,Thursday,0 days 00:42:06,42.1,132 230,18.5712,59.59533333333333,1
393,17551,111639337,1,2017-01-01 22:18:50,2017-01-01 22:48:29,2,17.8,2,N,264,264,1,52.0,0.0,0.5,5.0,5.54,0.3,63.34,January,Sunday,0 days 00:29:39,29.65,264 264,3.1791512915129148,15.577552275522754,0
394,17593,42784900,2,2017-05-13 09:05:39,2017-05-13 09:29:03,1,16.15,2,N,170,132,2,52.0,0.0,0.5,0.0,5.76,0.3,58.56,May,Saturday,0 days 00:23:24,23.4,170 132,16.095,43.40625,0
395,17755,108300256,1,2017-12-21 13:21:09,2017-12-21 14:24:44,1,17.7,2,N,132,164,2,52.0,0.0,0.5,0.0,5.76,0.3,58.56,December,Thursday,0 days 01:03:35,63.583333333333336,132 164,18.7575,59.56041666666667,0
396,17789,796976,2,2017-01-03 18:04:42,2017-01-03 18:58:57,1,18.75,2,N,132,48,2,52.0,4.5,0.5,0.0,5.54,0.3,62.84,January,Tuesday,0 days 00:54:15,54.25,132 48,18.761904761904763,58.24444444444444,1
397,17795,54285097,1,2017-06-25 22:32:21,2017-06-25 23:36:48,1,16.9,2,N,132,162,1,52.0,0.0,0.5,14.6,5.76,0.3,73.16,June,Sunday,0 days 01:04:27,64.45,132 162,17.082857142857144,43.996428571428574,0
398,17972,83101237,2,2017-10-03 16:18:00,2017-10-03 17:02:45,4,16.16,2,N,132,161,2,52.0,4.5,0.5,0.0,5.76,0.3,63.06,October,Tuesday,0 days 00:44:45,44.75,132 161,18.601666666666667,46.481944444444444,1
399,18002,31531398,2,2017-04-18 06:59:39,2017-04-18 07:56:51,6,22.96,2,N,132,13,2,52.0,0.0,0.5,0.0,5.76,0.3,58.56,April,Tuesday,0 days 00:57:12,57.2,132 13,20.86,51.33888888888888,1
384,17150,6423760,1,2017-01-22 20:36:39,2017-01-22 21:12:53,2,17.5,2,N,132,166,1,52.0,0.0,0.5,5.66,5.54,0.3,64.0,January,Sunday,0 days 00:36:14,36.233333333333334,132 166,18.6,40.95,0
385,17271,19259670,2,2017-03-07 19:14:39,2017-03-07 20:02:03,1,17.3,2,N,132,142,1,52.0,4.5,0.5,11.46,0.0,0.3,68.76,March,Tuesday,0 days 00:47:24,47.4,132 142,20.406666666666666,50.36666666666667,1
386,17280,8749454,2,2017-02-05 14:23:43,2017-02-05 14:57:54,2,16.61,2,N,68,132,2,52.0,0.0,0.5,0.0,5.54,0.3,58.34,February,Sunday,0 days 00:34:11,34.18333333333333,68 132,18.785,58.03333333333333,0
387,17296,18007285,1,2017-03-04 11:27:42,2017-03-04 12:05:06,1,18.7,2,N,132,144,1,52.0,0.0,0.5,10.55,0.0,0.3,63.35,March,Saturday,0 days 00:37:24,37.4,132 144,18.537499999999998,37.0,0
388,17369,100121924,2,2017-11-26 16:41:09,2017-11-26 17:33:58,2,17.41,2,N,132,234,1,52.0,0.0,0.5,11.71,5.76,0.3,70.27,November,Sunday,0 days 00:52:49,52.81666666666667,132 234,17.654,49.833333333333336,0
389,17415,58758180,2,2017-07-10 17:54:05,2017-07-10 18:56:42,1,16.87,2,N,161,132,2,52.0,4.5,0.5,0.0,5.76,0.3,63.06,July,Monday,0 days 01:02:37,62.61666666666667,161 132,17.1625,56.55,1
390,17471,62280482,1,2017-07-22 10:37:38,2017-07-22 11:13:59,2,17.0,2,N,132,162,1,52.0,0.0,0.5,11.7,5.76,0.3,70.26,July,Saturday,0 days 00:36:21,36.35,132 162,17.082857142857144,43.996428571428574,0
391,17474,5647908,2,2017-01-27 17:57:00,2017-01-27 18:52:13,1,17.48,2,N,163,132,1,52.0,4.5,0.5,0.0,0.0,0.3,57.3,January,Friday,0 days 00:55:13,55.21666666666667,163 132,17.275833333333335,52.33611111111111,1
440,19995,23510569,2,2017-03-21 14:03:47,2017-03-21 14:56:12,1,17.87,2,N,132,230,1,52.0,0.0,0.5,0.0,5.76,0.3,58.56,March,Tuesday,0 days 00:52:25,52.416666666666664,132 230,18.5712,59.59533333333333,0
441,20048,100926220,1,2017-11-29 14:05:27,2017-11-29 15:06:34,1,20.9,2,N,132,239,3,52.0,0.0,0.5,0.0,5.76,0.3,58.56,November,Wednesday,0 days 01:01:07,61.11666666666667,132 239,20.90125,44.8625,0
442,20236,99431263,2,2017-11-23 18:26:02,2017-11-23 18:55:26,5,17.26,2,N,186,132,1,52.0,0.0,0.5,6.0,5.76,0.3,64.56,November,Thursday,0 days 00:29:24,29.4,186 132,17.096,42.92,1
443,20251,55828037,2,2017-06-08 18:50:35,2017-06-08 19:34:45,1,17.89,2,N,229,132,1,52.0,4.5,0.5,11.46,0.0,0.3,68.76,June,Thursday,0 days 00:44:10,44.166666666666664,229 132,16.683333333333334,46.040740740740745,1
444,20270,46149383,2,2017-05-30 00:15:43,2017-05-30 00:37:54,1,16.62,2,N,132,137,1,52.0,0.0,0.5,8.0,5.76,0.3,66.56,May,Tuesday,0 days 00:22:11,22.183333333333334,132 137,16.720000000000002,29.200000000000003,0
445,20291,102545251,1,2017-12-04 12:44:58,2017-12-04 13:29:18,1,18.2,2,N,132,68,4,52.0,0.0,0.5,0.0,0.0,0.3,52.8,December,Monday,0 days 00:44:20,44.333333333333336,132 68,18.7975,52.545833333333334,0
446,20300,103606476,2,2017-12-07 15:11:58,2017-12-07 16:19:59,1,16.31,2,N,107,132,1,52.0,0.0,0.5,11.71,5.76,0.3,70.27,December,Thursday,0 days 01:08:01,68.01666666666667,107 132,16.755,50.75416666666666,0
447,20524,73479761,2,2017-09-01 07:33:55,2017-09-01 08:20:36,6,18.28,2,N,132,48,1,52.0,0.0,0.5,0.0,5.76,0.3,58.56,September,Friday,0 days 00:46:41,46.68333333333333,132 48,18.761904761904763,58.24444444444444,1
432,19644,105577859,2,2017-12-13 12:19:29,2017-12-13 12:19:39,1,0.01,2,N,132,132,1,52.0,0.0,0.5,17.57,5.76,0.3,76.13,December,Wednesday,0 days 00:00:10,0.16666666666666666,132 132,3.848235294117647,4.954901960784314,0
433,19664,80299197,2,2017-09-24 11:22:07,2017-09-24 12:02:21,2,20.11,2,N,132,263,1,52.0,0.0,0.5,11.71,5.76,0.3,70.27,September,Sunday,0 days 00:40:14,40.233333333333334,132 263,19.21,39.97666666666667,0
434,19807,51650553,2,2017-06-18 13:14:26,2017-06-18 14:02:42,5,16.08,2,N,162,132,1,52.0,0.0,0.5,10.56,0.0,0.3,63.36,June,Sunday,0 days 00:48:16,48.266666666666666,162 132,15.9475,50.6125,0
435,19820,85603292,2,2017-10-11 17:13:21,2017-10-11 17:54:45,2,17.47,2,N,132,170,1,52.0,4.5,0.5,9.46,5.76,0.3,72.52,October,Wednesday,0 days 00:41:24,41.4,132 170,17.203,37.11333333333333,1
436,19827,59839344,2,2017-07-14 06:09:54,2017-07-14 06:11:40,1,0.01,2,N,132,132,2,52.0,0.0,0.5,0.0,5.76,0.3,58.56,July,Friday,0 days 00:01:46,1.7666666666666666,132 132,3.848235294117647,4.954901960784314,1
437,19872,24876527,1,2017-03-25 09:33:54,2017-03-25 10:08:49,1,20.2,2,N,209,132,1,52.0,0.0,0.5,11.7,5.76,0.3,70.26,March,Saturday,0 days 00:34:55,34.916666666666664,209 132,20.2,34.916666666666664,0
438,19895,36593660,1,2017-04-30 12:15:39,2017-04-30 12:58:27,1,17.2,2,N,163,132,2,52.0,0.0,0.5,0.0,5.76,0.3,58.56,April,Sunday,0 days 00:42:48,42.8,163 132,17.275833333333335,52.33611111111111,0
439,19937,97941805,2,2017-11-18 15:51:52,2017-11-18 16:46:17,2,17.16,2,N,74,132,1,52.0,0.0,0.5,14.64,5.76,0.3,73.2,November,Saturday,0 days 00:54:25,54.416666666666664,74 132,17.16,54.416666666666664,0
424,19216,64905971,2,2017-07-31 16:39:32,2017-07-31 17:37:19,6,16.25,2,N,233,132,2,52.0,4.5,0.5,0.0,5.76,0.3,63.06,July,Monday,0 days 00:57:47,57.78333333333333,233 132,17.40888888888889,58.47962962962962,1
425,19246,49035649,1,2017-06-07 12:00:47,2017-06-07 12:44:54,1,18.6,2,N,132,152,1,52.0,0.0,0.5,5.0,5.76,0.3,63.56,June,Wednesday,0 days 00:44:07,44.11666666666667,132 152,19.1,38.425,0
426,19337,52232701,1,2017-06-20 02:25:44,2017-06-20 02:59:32,1,18.7,2,N,132,161,1,52.0,0.0,0.5,15.8,0.0,0.3,68.6,June,Tuesday,0 days 00:33:48,33.8,132 161,18.601666666666667,46.481944444444444,0
427,19413,7202876,1,2017-02-01 07:44:33,2017-02-01 08:31:23,1,22.3,2,N,142,132,1,52.0,0.0,0.5,12.0,5.54,0.3,70.34,February,Wednesday,0 days 00:46:50,46.833333333333336,142 132,20.77,48.949999999999996,1
428,19415,22643025,2,2017-03-19 04:58:54,2017-03-19 05:26:50,1,19.05,2,N,116,132,1,52.0,0.0,0.5,11.67,5.54,0.3,70.01,March,Sunday,0 days 00:27:56,27.933333333333334,116 132,19.05,27.933333333333334,0
429,19477,12126808,1,2017-02-16 05:44:19,2017-02-16 06:13:33,1,18.8,2,N,236,132,2,52.0,0.0,0.5,0.0,5.54,0.3,58.34,February,Thursday,0 days 00:29:14,29.233333333333334,236 132,19.21166666666667,40.49444444444444,0
430,19483,34486843,2,2017-04-26 08:31:31,2017-04-26 11:10:50,1,26.12,2,N,132,48,2,52.0,0.0,0.5,0.0,5.76,0.3,58.56,April,Wednesday,0 days 02:39:19,88.74999999999999,132 48,18.761904761904763,58.24444444444444,1
431,19497,24861702,2,2017-03-25 07:53:50,2017-03-25 08:46:00,1,19.66,2,N,132,48,1,52.0,0.0,0.5,10.0,5.76,0.3,68.56,March,Saturday,0 days 00:52:10,52.166666666666664,132 48,18.761904761904763,58.24444444444444,0
416,19001,94254245,2,2017-11-07 14:29:51,2017-11-07 15:37:06,1,20.7,2,N,132,237,2,52.0,0.0,0.5,0.0,5.76,0.3,58.56,November,Tuesday,0 days 01:07:15,67.25,132 237,19.540000000000003,56.47222222222223,0
417,19063,48641604,1,2017-06-05 05:15:32,2017-06-05 05:48:37,1,18.4,2,N,43,132,1,52.0,0.0,0.5,11.7,5.76,0.3,70.26,June,Monday,0 days 00:33:05,33.083333333333336,43 132,18.6575,41.27916666666667,0
418,19074,66111490,2,2017-08-04 16:14:17,2017-08-04 17:29:24,1,17.35,2,N,132,48,2,52.0,4.5,0.5,0.0,5.76,0.3,63.06,August,Friday,0 days 01:15:07,75.11666666666666,132 48,18.761904761904763,58.24444444444444,1
419,19117,12710239,2,2017-02-17 18:14:45,2017-02-17 18:53:38,5,13.09,2,N,233,132,1,52.0,4.5,0.5,12.57,5.54,0.3,75.41,February,Friday,0 days 00:38:53,38.88333333333333,233 132,17.40888888888889,58.47962962962962,1
420,19165,113007267,1,2017-01-19 13:03:28,2017-01-19 13:37:41,1,17.4,2,N,132,107,1,52.0,0.0,0.5,8.0,5.54,0.3,66.34,January,Thursday,0 days 00:34:13,34.21666666666667,132 107,17.561666666666667,50.455555555555556,0
421,19180,113297979,2,2017-01-19 17:32:00,2017-01-19 18:37:59,1,21.82,2,N,132,142,1,52.0,4.5,0.5,15.71,5.54,0.3,78.55,January,Thursday,0 days 01:05:59,65.98333333333333,132 142,20.406666666666666,50.36666666666667,1
422,19191,107094063,1,2017-12-17 17:02:22,2017-12-17 18:00:54,1,18.3,2,N,132,262,1,52.0,0.0,0.5,11.7,5.76,0.3,70.26,December,Sunday,0 days 00:58:32,58.53333333333333,132 262,19.165,49.93125,0
423,19213,38121598,1,2017-05-05 08:11:06,2017-05-05 09:05:28,1,11.7,2,N,28,161,2,52.0,0.0,0.5,0.0,5.76,0.3,58.56,May,Friday,0 days 00:54:22,54.36666666666667,28 161,11.7,54.36666666666667,1
56,2476,54754769,2,2017-06-27 11:21:03,2017-06-27 12:25:37,5,17.67,2,N,132,186,2,52.0,0.0,0.5,0.0,5.76,0.3,58.56,June,Tuesday,0 days 01:04:34,64.56666666666666,132 186,18.375,56.43611111111111,0
57,2556,108553183,2,2017-12-22 06:39:13,2017-12-22 07:34:16,1,17.31,2,N,132,233,1,52.0,0.0,0.5,14.64,5.76,0.3,73.2,December,Friday,0 days 00:55:03,55.05,132 233,17.86,43.57666666666667,1
58,2592,51094874,2,2017-06-16 18:51:20,2017-06-16 19:41:42,1,27.97,2,N,261,132,2,52.0,4.5,0.5,0.0,5.76,0.3,63.06,June,Friday,0 days 00:50:22,50.36666666666667,261 132,27.97,50.36666666666667,1
59,2688,78387922,2,2017-09-17 18:37:26,2017-09-17 20:15:32,1,19.09,2,N,132,230,2,52.0,0.0,0.5,0.0,0.0,0.3,52.8,September,Sunday,0 days 01:38:06,88.74999999999999,132 230,18.5712,59.59533333333333,0
60,2726,101017273,2,2017-11-29 19:45:12,2017-11-29 20:20:01,6,17.19,2,N,132,229,2,52.0,4.5,0.5,0.0,0.0,0.3,57.3,November,Wednesday,0 days 00:34:49,34.81666666666667,132 229,18.49,47.61388888888889,1
61,2756,11696335,1,2017-02-14 20:45:35,2017-02-14 21:15:13,1,9.7,2,N,93,90,1,52.0,0.0,0.5,12.0,5.54,0.3,70.34,February,Tuesday,0 days 00:29:38,29.633333333333333,93 90,9.7,29.633333333333333,0
62,2820,59341087,2,2017-07-12 16:05:31,2017-07-12 16:42:18,6,9.34,2,N,93,230,2,52.0,4.5,0.5,0.0,5.76,0.3,63.06,July,Wednesday,0 days 00:36:47,36.78333333333333,93 230,9.34,36.78333333333333,1
63,2833,89113780,2,2017-10-22 12:52:50,2017-10-22 13:48:16,1,17.22,2,N,142,132,1,52.0,0.0,0.5,13.2,0.0,0.3,66.0,October,Sunday,0 days 00:55:26,55.43333333333333,142 132,20.77,48.949999999999996,0
48,2222,22930043,1,2017-03-25 13:41:45,2017-03-25 14:19:28,4,8.8,2,N,223,186,1,52.0,0.0,0.5,11.7,5.76,0.3,70.26,March,Saturday,0 days 00:37:43,37.71666666666667,223 186,8.8,37.71666666666667,0
49,2250,68570528,2,2017-08-13 17:56:08,2017-08-13 18:32:12,2,19.76,2,N,237,132,1,52.0,0.0,0.5,0.0,5.76,0.3,58.56,August,Sunday,0 days 00:36:04,36.06666666666667,237 132,19.76,36.06666666666667,0
50,2251,78572638,2,2017-09-18 14:58:09,2017-09-18 15:54:46,1,17.71,2,N,132,234,1,52.0,0.0,0.5,11.71,5.76,0.3,70.27,September,Monday,0 days 00:56:37,56.61666666666667,132 234,17.654,49.833333333333336,0
51,2280,100744848,2,2017-11-28 21:20:43,2017-11-28 21:53:50,2,19.12,2,N,132,211,1,52.0,0.0,0.5,8.0,0.0,0.3,60.8,November,Tuesday,0 days 00:33:07,33.11666666666667,132 211,18.91,45.61666666666667,0
52,2290,58516191,1,2017-07-09 18:21:17,2017-07-09 19:27:49,1,17.9,2,N,132,13,1,52.0,0.0,0.5,10.55,0.0,0.3,63.35,July,Sunday,0 days 01:06:32,66.53333333333333,132 13,20.86,51.33888888888888,0
53,2321,29146944,1,2017-04-08 09:01:13,2017-04-08 09:18:54,1,14.8,2,N,145,132,2,52.0,0.0,0.5,0.0,5.76,0.3,58.56,April,Saturday,0 days 00:17:41,17.683333333333334,145 132,14.8,17.683333333333334,0
54,2389,58154034,2,2017-07-08 10:46:42,2017-07-08 11:19:57,1,18.73,2,N,43,132,1,52.0,0.0,0.5,5.0,5.76,0.3,63.56,July,Saturday,0 days 00:33:15,33.25,43 132,18.6575,41.27916666666667,0
55,2474,111604992,2,2017-01-01 19:10:19,2017-01-01 20:51:43,1,0.21,2,N,132,143,1,52.0,0.0,0.5,10.56,0.0,0.3,63.36,January,Sunday,0 days 01:41:24,88.74999999999999,132 143,10.905000000000001,76.86666666666666,0
40,1538,36280393,2,2017-04-29 15:38:25,2017-04-29 16:35:46,5,21.5,2,N,13,132,1,52.0,0.0,0.5,0.0,5.76,0.3,58.56,April,Saturday,0 days 00:57:21,57.35,13 132,24.505,53.81666666666666,0
41,1547,7970149,2,2017-02-03 11:40:39,2017-02-03 12:37:00,2,17.84,2,N,132,163,1,52.0,0.0,0.5,11.67,5.54,0.3,70.01,February,Friday,0 days 00:56:21,56.35,132 163,19.229,52.94166666666666,0
42,1644,665758,1,2017-01-03 09:40:13,2017-01-03 10:25:45,1,20.5,2,N,132,140,1,52.0,0.0,0.5,11.65,5.54,0.3,69.99,January,Tuesday,0 days 00:45:32,45.53333333333333,132 140,19.293333333333333,36.791666666666664,1
43,1784,84265955,2,2017-10-07 04:07:48,2017-10-07 04:38:42,1,18.56,2,N,132,141,1,52.0,0.0,0.5,17.5,5.54,0.3,75.84,October,Saturday,0 days 00:30:54,30.9,132 141,19.14,50.39722222222222,0
44,1927,90396142,1,2017-10-26 16:32:56,2017-10-26 18:24:30,1,22.5,2,N,68,132,1,52.0,4.5,0.5,0.02,5.76,0.3,63.08,October,Thursday,0 days 01:51:34,88.74999999999999,68 132,18.785,58.03333333333333,1
45,2088,80640537,1,2017-09-25 15:53:51,2017-09-25 16:33:20,1,12.8,2,N,130,230,1,52.0,0.0,0.5,11.7,5.76,0.3,70.26,September,Monday,0 days 00:39:29,39.483333333333334,130 230,12.8,39.483333333333334,0
46,2104,48233654,1,2017-06-11 15:16:43,2017-06-11 16:43:40,1,17.7,2,N,132,164,2,52.0,0.0,0.5,0.0,5.76,0.3,58.56,June,Sunday,0 days 01:26:57,86.95,132 164,18.7575,59.56041666666667,0
47,2129,84717962,2,2017-10-08 16:37:04,2017-10-08 17:28:34,1,22.62,2,N,132,230,1,52.0,0.0,0.5,5.0,5.76,0.3,63.56,October,Sunday,0 days 00:51:30,51.5,132 230,18.5712,59.59533333333333,0
32,1371,7413784,1,2017-02-01 19:45:47,2017-02-01 20:18:29,1,17.6,2,N,161,132,1,52.0,4.5,0.5,5.0,5.54,0.3,67.84,February,Wednesday,0 days 00:32:42,32.7,161 132,17.1625,56.55,1
33,1377,15829466,2,2017-02-27 13:27:16,2017-02-27 14:14:26,2,19.99,2,N,132,43,1,52.0,0.0,0.5,14.58,5.54,0.3,72.92,February,Monday,0 days 00:47:10,47.166666666666664,132 43,18.744999999999997,41.916666666666664,0
34,1390,96589678,1,2017-11-14 17:29:23,2017-11-14 18:38:25,1,15.2,2,N,132,231,2,52.0,4.5,0.5,0.0,0.0,0.3,57.3,November,Tuesday,0 days 01:09:02,69.03333333333333,132 231,20.46,51.75833333333333,1
35,1403,99437069,2,2017-11-23 19:20:55,2017-11-23 19:53:22,5,17.75,2,N,132,186,1,52.0,0.0,0.5,11.71,5.76,0.3,70.27,November,Thursday,0 days 00:32:27,32.45,132 186,18.375,56.43611111111111,1
36,1415,44214172,1,2017-05-23 11:10:50,2017-05-23 12:11:06,2,20.2,2,N,132,262,1,52.0,0.0,0.5,11.7,5.76,0.3,70.26,May,Tuesday,0 days 01:00:16,60.266666666666666,132 262,19.165,49.93125,0
37,1416,71776501,2,2017-08-25 15:05:05,2017-08-25 16:26:51,2,18.59,2,N,132,230,2,52.0,0.0,0.5,0.0,5.76,0.3,58.56,August,Friday,0 days 01:21:46,81.76666666666667,132 230,18.5712,59.59533333333333,0
38,1463,3454899,1,2017-01-13 10:39:51,2017-01-13 11:13:43,1,16.6,2,N,229,132,1,52.0,0.0,0.5,11.65,5.54,0.3,69.99,January,Friday,0 days 00:33:52,33.86666666666667,229 132,16.683333333333334,46.040740740740745,0
39,1496,27465882,2,2017-04-03 15:37:53,2017-04-03 16:44:33,1,26.39,2,N,132,261,1,52.0,0.0,0.5,11.71,5.76,0.3,70.27,April,Monday,0 days 01:06:40,66.66666666666667,132 261,22.115000000000002,51.49375,0
481,22042,47161481,2,2017-06-01 13:27:17,2017-06-01 14:06:57,6,19.07,2,N,75,132,1,52.0,0.0,0.5,11.71,5.76,0.3,70.27,June,Thursday,0 days 00:39:40,39.666666666666664,75 132,18.4425,36.204166666666666,0
482,22152,66456828,2,2017-08-05 21:05:35,2017-08-05 21:40:26,1,17.11,2,N,132,161,2,52.0,0.0,0.5,0.0,5.76,0.3,58.56,August,Saturday,0 days 00:34:51,34.85,132 161,18.601666666666667,46.481944444444444,0
483,22189,98332565,2,2017-11-19 18:39:28,2017-11-19 19:16:59,1,19.55,2,N,132,236,1,52.0,0.0,0.5,10.0,5.76,0.3,68.56,November,Sunday,0 days 00:37:31,37.516666666666666,132 236,19.491666666666667,50.24722222222223,0
484,22194,90991617,2,2017-10-28 09:22:21,2017-10-28 09:51:50,1,17.49,2,N,164,132,1,52.0,0.0,0.5,14.64,5.76,0.3,73.2,October,Saturday,0 days 00:29:29,29.483333333333334,164 132,16.44333333333333,39.916666666666664,0
485,22202,78550698,2,2017-09-18 13:01:04,2017-09-18 14:05:54,1,21.09,2,N,132,229,2,52.0,0.0,0.5,0.0,5.76,0.3,58.56,September,Monday,0 days 01:04:50,64.83333333333333,132 229,18.49,47.61388888888889,0
486,22391,24442050,1,2017-03-24 00:24:34,2017-03-24 00:52:51,2,16.5,2,N,132,164,1,52.0,0.0,0.5,14.6,5.76,0.3,73.16,March,Friday,0 days 00:28:17,28.283333333333335,132 164,18.7575,59.56041666666667,0
487,22432,87181486,2,2017-10-16 15:29:46,2017-10-16 16:59:23,1,19.88,2,N,125,132,1,52.0,0.0,0.5,6.0,5.76,0.3,64.56,October,Monday,0 days 01:29:37,88.74999999999999,125 132,19.88,88.74999999999999,0
488,22435,1478358,2,2017-01-20 06:04:31,2017-01-20 06:43:06,1,18.75,2,N,132,262,1,52.0,0.0,0.5,14.58,5.54,0.3,72.92,January,Friday,0 days 00:38:35,38.583333333333336,132 262,19.165,49.93125,1
489,22436,99916292,2,2017-11-25 21:14:55,2017-11-25 21:59:37,1,21.1,2,N,132,163,1,52.0,0.0,0.5,11.71,5.76,0.3,70.27,November,Saturday,0 days 00:44:42,44.7,132 163,19.229,52.94166666666666,0
490,22515,28549331,2,2017-04-06 17:53:05,2017-04-06 18:45:40,2,17.65,2,N,132,234,1,52.0,4.5,0.5,12.61,5.76,0.3,75.67,April,Thursday,0 days 00:52:35,52.583333333333336,132 234,17.654,49.833333333333336,1
491,22559,91054096,1,2017-10-28 13:54:54,2017-10-28 14:49:12,2,18.1,2,N,163,132,1,52.0,0.0,0.5,11.7,5.76,0.3,70.26,October,Saturday,0 days 00:54:18,54.3,163 132,17.275833333333335,52.33611111111111,0
492,22579,394818,1,2017-01-02 06:40:26,2017-01-02 07:25:21,1,21.3,2,N,142,132,1,52.0,0.0,0.5,11.65,5.54,0.3,69.99,January,Monday,0 days 00:44:55,44.916666666666664,142 132,20.77,48.949999999999996,1
493,22593,1690610,1,2017-01-20 18:05:09,2017-01-20 19:12:50,1,15.4,2,N,211,132,2,52.0,4.5,0.5,0.0,0.0,0.3,57.3,January,Friday,0 days 01:07:41,67.68333333333334,211 132,16.580000000000002,61.69166666666667,1
494,22604,20742961,1,2017-03-12 17:56:04,2017-03-12 18:40:47,2,23.0,2,N,230,132,2,52.0,0.0,0.5,0.0,5.54,0.3,58.34,March,Sunday,0 days 00:44:43,44.71666666666667,230 132,18.14875,56.849999999999994,0
495,22620,52171010,2,2017-06-19 20:24:09,2017-06-19 21:01:04,3,20.96,2,N,132,261,1,52.0,0.0,0.5,5.5,0.0,0.3,58.3,June,Monday,0 days 00:36:55,36.916666666666664,132 261,22.115000000000002,51.49375,0
496,22686,9039930,2,2017-02-08 18:13:26,2017-02-08 19:34:11,5,10.64,1,N,170,70,1,52.0,1.0,0.5,14.84,5.54,0.3,74.18,February,Wednesday,0 days 01:20:45,80.75,170 70,10.64,80.75,1
497,22695,66632549,2,2017-08-06 16:43:59,2017-08-06 17:24:47,1,16.71,2,N,132,164,1,52.0,0.0,0.5,14.64,5.76,0.3,73.2,August,Sunday,0 days 00:40:48,40.8,132 164,18.7575,59.56041666666667,0
0,11,18600059,2,2017-03-05 19:15:30,2017-03-05 19:52:18,2,18.9,2,N,236,132,1,52.0,0.0,0.5,14.58,5.54,0.3,72.92,March,Sunday,0 days 00:36:48,36.8,236 132,19.21166666666667,40.49444444444444,0
